"GEMS.Station.Number";"Sample.Date";"Sample.Time";"Depth";"Parameter.Code";"Analysis.Method.Code";"Value.Flags";"Value";"Unit";"Data.Quality"
"CAN00147";"2013-12-10";"12:33";0.3;"Sal";"VMV_10353";"";0.17;"ppt";"Fair"
"CAN00147";"2016-02-15";"09:35";0.3;"Sal";"VMV_923";"<";1;"psu";"Fair"
"CAN00154";"2008-11-12";"10:25";0.3;"Sal";"VMV_3612";"";0.08;"---";"Fair"
"CAN00154";"2009-05-20";"10:40";0.3;"Sal";"VMV_3612";"";0.09;"---";"Fair"
"CAN00154";"2009-10-28";"10:00";0.3;"Sal";"VMV_3612";"";0.1;"---";"Fair"
"CAN00154";"2010-04-26";"00:00";0.3;"Sal";"VMV_3612";"";0.09;"---";"Fair"
"CAN00154";"2010-05-17";"03:00";0.3;"Sal";"VMV_3612";"";0.1;"---";"Fair"
"CAN00154";"2010-11-08";"14:15";0.3;"Sal";"VMV_3612";"";0.1;"---";"Fair"
"CAN00154";"2011-05-09";"16:00";0.3;"Sal";"VMV_3612";"";0.1;"---";"Fair"
"CAN00154";"2011-05-30";"15:00";0.3;"Sal";"VMV_3612";"";0.09;"---";"Fair"
"CAN00154";"2011-06-13";"14:30";0.3;"Sal";"VMV_3612";"";0.09;"---";"Fair"
"CAN00154";"2012-05-02";"09:00";0.3;"Sal";"VMV_10353";"";0.09;"ppt";"Fair"
"CAN00154";"2012-05-02";"09:00";0.3;"Sal";"VMV_3612";"";0.09;"---";"Fair"
"CAN00154";"2012-05-16";"09:45";0.3;"Sal";"VMV_3612";"";0.09;"---";"Fair"
"CAN00154";"2012-12-12";"10:00";0.3;"Sal";"VMV_3612";"";0.1;"---";"Fair"
"CAN00154";"2012-12-19";"10:00";0.3;"Sal";"VMV_3612";"";0.1;"---";"Fair"
"CAN00154";"2013-04-17";"10:00";0.3;"Sal";"VMV_3612";"";0.09;"---";"Fair"
"CAN00154";"2013-05-01";"10:00";0.3;"Sal";"VMV_3612";"";0.09;"---";"Fair"
"CAN00154";"2013-06-12";"09:30";0.3;"Sal";"VMV_3612";"";0.1;"---";"Fair"
"CAN00154";"2013-07-31";"07:15";0.3;"Sal";"VMV_10353";"";0.09;"ppt";"Fair"
"CAN00154";"2013-08-07";"11:00";0.3;"Sal";"VMV_10353";"";0.09;"ppt";"Fair"
"CAN00154";"2013-08-21";"09:30";0.3;"Sal";"VMV_10353";"";0.1;"ppt";"Fair"
"CAN00154";"2013-09-04";"10:00";0.3;"Sal";"VMV_10353";"";0.1;"ppt";"Fair"
"CAN00154";"2013-09-18";"09:30";0.3;"Sal";"VMV_10353";"";0.11;"ppt";"Fair"
"CAN00154";"2013-10-09";"09:30";0.3;"Sal";"VMV_10353";"";0.11;"ppt";"Fair"
"CAN00154";"2013-10-23";"09:40";0.3;"Sal";"VMV_10353";"";0.13;"ppt";"Fair"
"CAN00154";"2013-11-06";"10:00";0.3;"Sal";"VMV_10353";"";0.11;"ppt";"Fair"
"CAN00154";"2013-11-27";"09:45";0.3;"Sal";"VMV_10353";"";0.1;"ppt";"Fair"
"CAN00154";"2013-12-04";"10:15";0.3;"Sal";"VMV_10353";"";0.1;"ppt";"Fair"
"CAN00154";"2014-01-15";"00:00";0.3;"Sal";"VMV_10353";"";0.09;"ppt";"Fair"
"CAN00154";"2014-01-29";"10:00";0.3;"Sal";"VMV_10353";"";0.1;"ppt";"Fair"
"CAN00154";"2014-02-12";"10:00";0.3;"Sal";"VMV_10353";"";0.11;"ppt";"Fair"
"CAN00154";"2014-04-23";"09:30";0.3;"Sal";"VMV_10353";"";0.09;"ppt";"Fair"
"CAN00154";"2014-05-14";"09:30";0.3;"Sal";"VMV_10353";"";0.09;"ppt";"Fair"
"CAN00154";"2014-07-09";"14:00";0.3;"Sal";"VMV_10353";"";0.12;"ppt";"Fair"
"CAN00154";"2014-07-30";"13:40";0.3;"Sal";"VMV_10353";"";0.11;"ppt";"Fair"
"CAN00154";"2014-08-27";"01:00";0.3;"Sal";"VMV_10353";"";0.11;"ppt";"Fair"
"CAN00154";"2014-09-17";"10:45";0.3;"Sal";"VMV_10353";"";0.1;"ppt";"Fair"
"CAN00154";"2014-09-29";"13:30";0.3;"Sal";"VMV_10353";"";0.1;"ppt";"Fair"
"CAN00154";"2014-10-15";"10:00";0.3;"Sal";"VMV_10353";"";0.1;"ppt";"Fair"
"CAN00154";"2014-10-29";"10:30";0.3;"Sal";"VMV_10353";"";0.09;"ppt";"Fair"
"CAN00154";"2014-11-12";"10:30";0.3;"Sal";"VMV_10353";"";0.09;"ppt";"Fair"
"CAN00154";"2014-11-19";"10:30";0.3;"Sal";"VMV_10353";"";0.16;"ppt";"Fair"
"CAN00154";"2014-12-03";"10:15";0.3;"Sal";"VMV_10353";"";0.11;"ppt";"Fair"
"CAN00154";"2015-01-14";"10:15";0.3;"Sal";"VMV_10353";"";0.1;"ppt";"Fair"
"CAN00154";"2015-01-28";"09:30";0.3;"Sal";"VMV_10353";"";0.19;"ppt";"Fair"
"CAN00154";"2015-02-11";"09:45";0.3;"Sal";"VMV_10353";"";0.1;"ppt";"Fair"
"CAN00154";"2015-02-25";"09:45";0.3;"Sal";"VMV_10353";"";0.1;"ppt";"Fair"
"CAN00154";"2015-03-25";"09:40";0.3;"Sal";"VMV_10353";"";0.12;"ppt";"Fair"
"CAN00154";"2015-04-08";"09:30";0.3;"Sal";"VMV_10353";"";0.09;"ppt";"Fair"
"CAN00154";"2015-04-29";"10:30";0.3;"Sal";"VMV_10353";"";0.09;"ppt";"Fair"
"CAN00154";"2015-05-05";"09:30";0.3;"Sal";"VMV_10353";"";0.09;"ppt";"Fair"
"CAN00154";"2015-06-03";"09:45";0.3;"Sal";"VMV_923";"<";1;"psu";"Fair"
"CAN00154";"2015-06-17";"10:10";0.3;"Sal";"VMV_923";"<";1;"psu";"Fair"
"CAN00154";"2015-06-24";"10:00";0.3;"Sal";"VMV_923";"<";1;"psu";"Fair"
"CAN00154";"2015-07-08";"00:00";0.3;"Sal";"VMV_923";"<";1;"psu";"Fair"
"CAN00154";"2015-07-29";"11:00";0.3;"Sal";"VMV_923";"<";1;"psu";"Fair"
"CAN00154";"2015-08-19";"10:00";0.3;"Sal";"VMV_923";"<";1;"psu";"Fair"
"CAN00154";"2015-08-26";"10:15";0.3;"Sal";"VMV_923";"<";1;"psu";"Fair"
"CAN00154";"2015-09-16";"10:00";0.3;"Sal";"VMV_923";"<";1;"psu";"Fair"
"CAN00154";"2015-09-23";"10:30";0.3;"Sal";"VMV_923";"<";1;"psu";"Fair"
"CAN00154";"2015-10-05";"14:55";0.3;"Sal";"VMV_923";"<";1;"psu";"Fair"
"CAN00154";"2015-10-28";"10:00";0.3;"Sal";"VMV_923";"<";1;"psu";"Fair"
"CAN00154";"2015-12-09";"09:45";0.3;"Sal";"VMV_923";"<";1;"psu";"Fair"
"CAN00154";"2015-12-16";"10:00";0.3;"Sal";"VMV_923";"<";1;"psu";"Fair"
"CAN00154";"2016-01-06";"09:30";0.3;"Sal";"VMV_923";"<";1;"psu";"Fair"
"CAN00154";"2016-01-13";"10:00";0.3;"Sal";"VMV_923";"<";1;"psu";"Fair"
"CAN00154";"2016-05-04";"09:45";0.3;"Sal";"VMV_923";"<";1;"psu";"Fair"
"CAN00154";"2016-07-13";"10:00";0.3;"Sal";"VMV_923";"<";1;"psu";"Fair"
"CAN00154";"2016-07-20";"10:30";0.3;"Sal";"VMV_923";"<";1;"psu";"Fair"
"CAN00154";"2016-08-10";"10:15";0.3;"Sal";"VMV_923";"<";1;"psu";"Fair"
"CAN00154";"2016-08-17";"10:45";0.3;"Sal";"VMV_923";"<";1;"psu";"Fair"
"CAN00154";"2016-09-21";"09:45";0.3;"Sal";"VMV_923";"<";1;"psu";"Fair"
"CAN00154";"2016-10-12";"10:15";0.3;"Sal";"VMV_923";"<";1;"psu";"Fair"
"CAN00154";"2016-11-09";"09:45";0.3;"Sal";"VMV_923";"<";1;"psu";"Fair"
"CAN00154";"2016-11-16";"10:00";0.3;"Sal";"VMV_923";"<";1;"psu";"Fair"
"CAN00154";"2016-11-30";"09:45";0.3;"Sal";"VMV_923";"<";1;"psu";"Fair"
"CAN00154";"2017-05-17";"09:30";0.3;"Sal";"VMV_923";"<";1;"psu";"Fair"
"CAN00154";"2017-05-24";"00:00";0.3;"Sal";"VMV_923";"<";1;"psu";"Fair"
"CAN00154";"2017-07-05";"11:30";0.3;"Sal";"VMV_923";"<";1;"psu";"Fair"
"CAN00154";"2017-07-26";"11:30";0.3;"Sal";"VMV_923";"<";1;"psu";"Fair"
"CAN00154";"2017-09-06";"10:30";0.3;"Sal";"VMV_923";"<";1;"psu";"Fair"
"CAN00154";"2017-09-20";"10:20";0.3;"Sal";"VMV_923";"<";1;"psu";"Fair"
"CAN00154";"2017-10-04";"10:30";0.3;"Sal";"VMV_923";"<";1;"psu";"Fair"
"CAN00154";"2017-10-18";"10:00";0.3;"Sal";"VMV_923";"<";1;"psu";"Fair"
"CAN00154";"2017-11-08";"10:30";0.3;"Sal";"VMV_923";"<";1;"psu";"Fair"
"CAN00154";"2017-11-15";"10:30";0.3;"Sal";"VMV_923";"<";1;"psu";"Fair"
"CAN00154";"2017-12-06";"10:30";0.3;"Sal";"VMV_923";"<";1;"psu";"Fair"
"CAN00154";"2018-05-23";"09:45";0.3;"Sal";"VMV_923";"<";1;"psu";"Fair"
"CAN00154";"2018-06-13";"08:45";0.3;"Sal";"VMV_923";"<";1;"psu";"Fair"
"CAN00154";"2018-06-27";"09:00";0.3;"Sal";"VMV_923";"<";1;"psu";"Fair"
"CAN00154";"2018-07-11";"09:00";0.3;"Sal";"VMV_923";"<";1;"psu";"Fair"
"CAN00154";"2018-07-18";"08:30";0.3;"Sal";"VMV_923";"<";1;"psu";"Fair"
"CAN00154";"2018-08-08";"09:15";0.3;"Sal";"VMV_923";"<";1;"psu";"Fair"
"CAN00154";"2019-06-12";"09:00";0.3;"Sal";"VMV_923";"<";1;"psu";"Fair"
"CAN00175";"2010-06-08";"11:30";0.3;"Sal";"VMV_3612";"";0.04;"---";"Good"
"CAN00175";"2010-06-30";"11:48";0.3;"Sal";"VMV_3612";"";0.04;"---";"Good"
"CAN00175";"2010-07-13";"12:25";0.3;"Sal";"VMV_3612";"";0.04;"---";"Good"
"CAN00175";"2010-07-27";"13:30";0.3;"Sal";"VMV_3612";"";0.04;"---";"Good"
"CAN00175";"2010-08-12";"13:38";0.3;"Sal";"VMV_3612";"";0.04;"---";"Good"
"CAN00175";"2010-09-02";"09:55";0.3;"Sal";"VMV_3612";"";0.05;"---";"Good"
"CAN00175";"2010-09-17";"09:30";0.3;"Sal";"VMV_3612";"";0.06;"---";"Good"
"CAN00175";"2010-10-05";"11:34";0.3;"Sal";"VMV_3612";"";0.05;"---";"Good"
"CAN00175";"2010-10-21";"12:50";0.3;"Sal";"VMV_3612";"";0.06;"---";"Good"
"CAN00175";"2010-11-03";"10:39";0.3;"Sal";"VMV_3612";"";0.04;"---";"Good"
"CAN00175";"2011-04-15";"14:28";0.3;"Sal";"VMV_3612";"";0.07;"---";"Good"
"CAN00175";"2011-05-04";"13:38";0.3;"Sal";"VMV_3612";"";0.06;"---";"Good"
"CAN00175";"2011-05-19";"12:35";0.3;"Sal";"VMV_3612";"";0.05;"---";"Good"
"CAN00175";"2011-05-31";"15:35";0.3;"Sal";"VMV_3612";"";0.05;"---";"Good"
"CAN00175";"2011-06-14";"00:00";0.3;"Sal";"VMV_3612";"";0.05;"---";"Good"
"CAN00175";"2011-06-28";"11:45";0.3;"Sal";"VMV_3612";"";0.04;"---";"Good"
"CAN00175";"2011-07-19";"12:00";0.3;"Sal";"VMV_3612";"";0.04;"---";"Good"
"CAN00175";"2011-08-04";"11:45";0.3;"Sal";"VMV_3612";"";0.04;"---";"Good"
"CAN00175";"2011-08-30";"11:22";0.3;"Sal";"VMV_3612";"";0.05;"---";"Good"
"CAN00175";"2011-09-15";"13:40";0.3;"Sal";"VMV_3612";"";0.05;"---";"Good"
"CAN00175";"2011-09-29";"11:49";0.3;"Sal";"VMV_3612";"";0.05;"---";"Good"
"CAN00175";"2011-10-20";"10:52";0.3;"Sal";"VMV_3612";"";0.05;"---";"Good"
"CAN00175";"2011-11-25";"13:00";0.3;"Sal";"VMV_3612";"";0.1;"---";"Good"
"CAN00175";"2012-04-27";"13:40";0.3;"Sal";"VMV_10353";"";0.04;"ppt";"Good"
"CAN00175";"2012-04-27";"13:40";0.3;"Sal";"VMV_3612";"";0.04;"---";"Good"
"CAN00175";"2012-06-06";"12:00";0.3;"Sal";"VMV_3612";"";0.04;"---";"Good"
"CAN00175";"2012-06-21";"13:07";0.3;"Sal";"VMV_3612";"";0.04;"---";"Good"
"CAN00175";"2012-07-13";"12:40";0.3;"Sal";"VMV_3612";"";0.04;"---";"Good"
"CAN00175";"2012-07-26";"12:28";0.3;"Sal";"VMV_3612";"";0.04;"---";"Good"
"CAN00175";"2012-08-09";"12:33";0.3;"Sal";"VMV_3612";"";0.04;"---";"Good"
"CAN00175";"2012-08-24";"12:15";0.3;"Sal";"VMV_3612";"";0.04;"---";"Good"
"CAN00175";"2012-09-07";"12:15";0.3;"Sal";"VMV_3612";"";0.06;"---";"Good"
"CAN00175";"2012-09-19";"12:50";0.3;"Sal";"VMV_3612";"";0.1;"---";"Good"
"CAN00175";"2012-10-23";"11:50";0.3;"Sal";"VMV_3612";"";0.04;"---";"Good"
"CAN00175";"2012-11-22";"10:35";0.3;"Sal";"VMV_3612";"";0.03;"---";"Good"
"CAN00175";"2012-12-05";"08:20";0.3;"Sal";"VMV_3612";"";0.04;"---";"Good"
"CAN00175";"2013-04-12";"13:10";0.3;"Sal";"VMV_3612";"";0.08;"---";"Good"
"CAN00175";"2013-05-03";"12:30";0.3;"Sal";"VMV_3612";"";0.05;"---";"Good"
"CAN00175";"2013-05-17";"12:00";0.3;"Sal";"VMV_3612";"";0.04;"---";"Good"
"CAN00175";"2013-05-31";"12:15";0.3;"Sal";"VMV_3612";"";0.05;"---";"Good"
"CAN00175";"2013-06-14";"11:25";0.3;"Sal";"VMV_3612";"";0.05;"---";"Good"
"CAN00175";"2013-06-27";"11:20";0.3;"Sal";"VMV_3612";"";0.04;"---";"Good"
"CAN00175";"2013-07-11";"11:35";0.3;"Sal";"VMV_3612";"";0.04;"---";"Good"
"CAN00175";"2013-07-25";"11:00";0.3;"Sal";"VMV_10353";"";0.04;"ppt";"Good"
"CAN00175";"2013-08-01";"12:30";0.3;"Sal";"VMV_10353";"";0.05;"ppt";"Good"
"CAN00175";"2013-08-28";"12:33";0.3;"Sal";"VMV_10353";"";0.05;"ppt";"Good"
"CAN00175";"2013-09-04";"12:10";0.3;"Sal";"VMV_10353";"";0.07;"ppt";"Good"
"CAN00175";"2013-09-17";"12:25";0.3;"Sal";"VMV_10353";"";0.04;"ppt";"Good"
"CAN00175";"2013-10-02";"13:45";0.3;"Sal";"VMV_10353";"";0.03;"ppt";"Good"
"CAN00175";"2014-05-07";"11:30";0.3;"Sal";"VMV_10353";"";0.04;"ppt";"Good"
"CAN00175";"2014-05-28";"11:10";0.3;"Sal";"VMV_10353";"";0.04;"ppt";"Fair"
"CAN00175";"2014-06-12";"12:35";0.3;"Sal";"VMV_10353";"";0.05;"ppt";"Fair"
"CAN00175";"2014-06-26";"11:00";0.3;"Sal";"VMV_10353";"";0.04;"ppt";"Fair"
"CAN00175";"2014-07-07";"11:15";0.3;"Sal";"VMV_10353";"";0.04;"ppt";"Fair"
"CAN00175";"2014-08-07";"12:00";0.3;"Sal";"VMV_10353";"";0.05;"ppt";"Fair"
"CAN00175";"2014-08-07";"12:50";0.3;"Sal";"VMV_10353";"";0.05;"ppt";"Fair"
"CAN00175";"2014-08-21";"11:33";0.3;"Sal";"VMV_10353";"";0.04;"ppt";"Fair"
"CAN00175";"2014-09-04";"10:57";0.3;"Sal";"VMV_10353";"";0.05;"ppt";"Fair"
"CAN00175";"2014-09-18";"11:22";0.3;"Sal";"VMV_10353";"";0.08;"ppt";"Fair"
"CAN00175";"2014-10-02";"12:00";0.3;"Sal";"VMV_10353";"";0.05;"ppt";"Fair"
"CAN00175";"2014-10-29";"11:10";0.3;"Sal";"VMV_10353";"";0.04;"ppt";"Good"
"CAN00175";"2014-11-20";"11:45";0.3;"Sal";"VMV_10353";"";0.09;"ppt";"Good"
"CAN00175";"2014-12-15";"11:50";0.3;"Sal";"VMV_10353";"";0.04;"ppt";"Good"
"CAN00175";"2015-01-21";"14:00";0.3;"Sal";"VMV_10353";"";0.21;"ppt";"Good"
"CAN00175";"2015-02-13";"11:05";0.3;"Sal";"VMV_10353";"";0.05;"ppt";"Good"
"CAN00175";"2015-03-26";"03:04";0.3;"Sal";"VMV_10353";"";0.05;"ppt";"Good"
"CAN00175";"2015-04-16";"12:50";0.3;"Sal";"VMV_10353";"";0.05;"ppt";"Good"
"CAN00175";"2015-04-30";"12:45";0.3;"Sal";"VMV_10353";"";0.052;"ppt";"Good"
"CAN00175";"2015-05-12";"12:00";0.3;"Sal";"VMV_10353";"";0.05;"ppt";"Fair"
"CAN00175";"2015-05-28";"11:48";0.3;"Sal";"VMV_10353";"";0.05;"ppt";"Fair"
"CAN00175";"2015-06-10";"12:14";0.3;"Sal";"VMV_923";"<";1;"psu";"Fair"
"CAN00175";"2015-06-25";"11:55";0.3;"Sal";"VMV_923";"<";1;"psu";"Fair"
"CAN00175";"2015-07-09";"11:40";0.3;"Sal";"VMV_923";"<";1;"psu";"Fair"
"CAN00175";"2015-07-23";"12:00";0.3;"Sal";"VMV_923";"<";1;"psu";"Fair"
"CAN00175";"2015-08-06";"13:00";0.3;"Sal";"VMV_923";"<";1;"psu";"Fair"
"CAN00175";"2015-08-20";"10:51";0.3;"Sal";"VMV_923";"<";1;"psu";"Fair"
"CAN00175";"2015-09-03";"11:05";0.3;"Sal";"VMV_923";"<";1;"psu";"Fair"
"CAN00175";"2015-09-17";"11:15";0.3;"Sal";"VMV_923";"<";1;"psu";"Fair"
"CAN00175";"2015-10-02";"11:00";0.3;"Sal";"VMV_923";"<";1;"psu";"Fair"
"CAN00175";"2015-10-15";"11:20";0.3;"Sal";"VMV_923";"<";1;"psu";"Fair"
"CAN00175";"2015-11-10";"12:00";0.3;"Sal";"VMV_923";"<";1;"psu";"Fair"
"CAN00175";"2015-11-26";"13:45";0.3;"Sal";"VMV_923";"<";1;"psu";"Fair"
"CAN00175";"2015-12-09";"12:06";0.3;"Sal";"VMV_923";"<";1;"psu";"Fair"
"CAN00175";"2015-12-22";"12:40";0.3;"Sal";"VMV_923";"<";1;"psu";"Fair"
"CAN00175";"2016-02-02";"12:35";0.3;"Sal";"VMV_923";"<";1;"psu";"Fair"
"CAN00175";"2016-03-14";"11:09";0.3;"Sal";"VMV_923";"<";1;"psu";"Fair"
"CAN00175";"2016-04-14";"10:45";0.3;"Sal";"VMV_923";"<";1;"psu";"Fair"
"CAN00175";"2016-04-28";"10:45";0.3;"Sal";"VMV_923";"<";1;"psu";"Fair"
"CAN00175";"2016-05-11";"11:00";0.3;"Sal";"VMV_923";"<";1;"psu";"Fair"
"CAN00175";"2016-05-31";"10:30";0.3;"Sal";"VMV_923";"<";1;"psu";"Fair"
"CAN00175";"2016-06-22";"12:00";0.3;"Sal";"VMV_923";"<";1;"psu";"Fair"
"CAN00175";"2016-07-06";"11:55";0.3;"Sal";"VMV_923";"<";1;"psu";"Fair"
"CAN00175";"2016-07-20";"11:35";0.3;"Sal";"VMV_923";"<";1;"psu";"Fair"
"CAN00175";"2016-08-03";"11:45";0.3;"Sal";"VMV_923";"<";1;"psu";"Fair"
"CAN00175";"2016-08-17";"12:12";0.3;"Sal";"VMV_923";"<";1;"psu";"Fair"
"CAN00175";"2016-09-01";"11:30";0.3;"Sal";"VMV_923";"<";1;"psu";"Fair"
"CAN00175";"2016-09-12";"00:00";0.3;"Sal";"VMV_923";"<";1;"psu";"Fair"
"CAN00175";"2016-09-28";"11:55";0.3;"Sal";"VMV_923";"<";1;"psu";"Fair"
"CAN00175";"2016-10-21";"11:05";0.3;"Sal";"VMV_923";"<";1;"psu";"Fair"
"CAN00175";"2016-11-04";"11:10";0.3;"Sal";"VMV_923";"<";1;"psu";"Fair"
"CAN00175";"2016-11-29";"12:15";0.3;"Sal";"VMV_923";"<";1;"psu";"Fair"
"CAN00175";"2017-04-03";"15:05";0.3;"Sal";"VMV_923";"<";1;"psu";"Fair"
"CAN00175";"2017-05-11";"12:00";0.3;"Sal";"VMV_923";"<";1;"psu";"Fair"
"CAN00175";"2017-05-29";"11:30";0.3;"Sal";"VMV_923";"<";1;"psu";"Fair"
"CAN00175";"2017-06-13";"13:30";0.3;"Sal";"VMV_10353";"<";1;"ppt";"Fair"
"CAN00175";"2017-07-07";"11:30";0.3;"Sal";"VMV_923";"<";1;"psu";"Fair"
"CAN00175";"2017-07-19";"13:00";0.3;"Sal";"VMV_923";"<";1;"psu";"Fair"
"CAN00175";"2017-08-16";"11:00";0.3;"Sal";"VMV_923";"<";1;"psu";"Fair"
"CAN00175";"2017-09-07";"12:40";0.3;"Sal";"VMV_923";"<";1;"psu";"Fair"
"CAN00175";"2017-11-01";"12:00";0.3;"Sal";"VMV_923";"<";1;"psu";"Fair"
"CAN00175";"2017-12-06";"13:55";0.3;"Sal";"VMV_923";"<";1;"psu";"Fair"
"CAN00175";"2018-01-31";"11:15";0.3;"Sal";"VMV_923";"<";1;"psu";"Fair"
"CAN00175";"2018-05-10";"12:10";0.3;"Sal";"VMV_923";"<";1;"psu";"Fair"
"CAN00175";"2018-05-30";"14:10";0.3;"Sal";"VMV_923";"<";1;"psu";"Fair"
"CAN00175";"2018-06-21";"11:17";0.3;"Sal";"VMV_923";"<";1;"psu";"Fair"
"CAN00175";"2018-07-05";"11:37";0.3;"Sal";"VMV_923";"<";1;"psu";"Fair"
"CAN00175";"2018-07-19";"11:30";0.3;"Sal";"VMV_923";"<";1;"psu";"Fair"
"CAN00175";"2018-08-01";"11:47";0.3;"Sal";"VMV_923";"<";1;"psu";"Fair"
"CAN00175";"2018-08-15";"10:10";0.3;"Sal";"VMV_923";"<";1;"psu";"Fair"
"CAN00175";"2018-08-30";"11:15";0.3;"Sal";"VMV_923";"<";1;"psu";"Fair"
"CAN00175";"2018-09-13";"11:10";0.3;"Sal";"VMV_923";"<";1;"psu";"Fair"
"CAN00175";"2018-09-27";"12:25";0.3;"Sal";"VMV_923";"<";1;"psu";"Fair"
"CAN00175";"2018-10-10";"11:24";0.3;"Sal";"VMV_923";"<";1;"psu";"Fair"
"CAN00175";"2018-11-22";"12:46";0.3;"Sal";"VMV_923";"<";1;"psu";"Fair"
"CAN00175";"2019-04-12";"11:39";0.3;"Sal";"VMV_923";"<";1;"psu";"Fair"
"CAN00175";"2019-04-23";"11:30";0.3;"Sal";"VMV_923";"<";1;"psu";"Fair"
"CAN00175";"2019-05-13";"12:33";0.3;"Sal";"VMV_923";"<";1;"psu";"Fair"
"CAN00175";"2019-06-04";"12:50";0.3;"Sal";"VMV_923";"<";1;"psu";"Fair"
"CAN00175";"2019-06-10";"11:45";0.3;"Sal";"VMV_923";"<";1;"psu";"Fair"
"CAN00175";"2019-06-26";"12:00";0.3;"Sal";"VMV_923";"<";1;"psu";"Fair"
"CAN00175";"2019-07-08";"12:10";0.3;"Sal";"VMV_923";"<";1;"psu";"Fair"
"CAN00175";"2019-07-31";"12:10";0.3;"Sal";"VMV_923";"<";1;"psu";"Fair"
"CAN00175";"2019-08-12";"13:35";0.3;"Sal";"VMV_923";"<";1;"psu";"Fair"
"CAN00175";"2019-08-28";"10:41";0.3;"Sal";"VMV_923";"<";1;"psu";"Fair"
"CAN00175";"2019-09-03";"11:50";0.3;"Sal";"VMV_923";"<";1;"psu";"Fair"
"CAN00175";"2019-09-16";"12:40";0.3;"Sal";"VMV_923";"<";1;"psu";"Fair"
"CAN00175";"2019-09-30";"12:00";0.3;"Sal";"VMV_923";"<";1;"psu";"Fair"
"CAN00190";"2006-05-11";"13:07";0.3;"Sal";"VMV_3612";"";0.07;"---";"Good"
"CAN00190";"2006-06-07";"13:20";0.3;"Sal";"VMV_3612";"";0.05;"---";"Good"
"CAN00190";"2006-07-05";"13:05";0.3;"Sal";"VMV_3612";"";0.04;"---";"Good"
"CAN00190";"2006-07-25";"13:00";0.3;"Sal";"VMV_3612";"";0.05;"---";"Good"
"CAN00190";"2006-08-16";"14:05";0.3;"Sal";"VMV_3612";"";0.05;"---";"Good"
"CAN00190";"2006-09-07";"12:05";0.3;"Sal";"VMV_3612";"";0.07;"---";"Good"
"CAN00190";"2006-09-27";"00:00";0.3;"Sal";"VMV_3612";"";0.07;"---";"Good"
"CAN00190";"2006-10-17";"00:00";0.3;"Sal";"VMV_3612";"";0.09;"---";"Good"
"CAN00190";"2006-11-08";"12:30";0.3;"Sal";"VMV_3612";"";0.05;"---";"Good"
"CAN00190";"2006-12-07";"12:35";0.3;"Sal";"VMV_3612";"";0.06;"---";"Good"
"CAN00190";"2006-12-18";"12:45";0.3;"Sal";"VMV_3612";"";0.06;"---";"Good"
"CAN00190";"2007-01-09";"12:45";0.3;"Sal";"VMV_3612";"";0.07;"---";"Good"
"CAN00190";"2007-01-30";"12:40";0.3;"Sal";"VMV_3612";"";0.07;"---";"Good"
"CAN00190";"2007-02-26";"16:10";0.3;"Sal";"VMV_3612";"";0.07;"---";"Good"
"CAN00190";"2007-03-21";"10:40";0.3;"Sal";"VMV_3612";"";0.06;"---";"Good"
"CAN00190";"2007-04-03";"12:30";0.3;"Sal";"VMV_3612";"";0.07;"---";"Good"
"CAN00190";"2007-04-19";"13:40";0.3;"Sal";"VMV_3612";"";0.05;"---";"Good"
"CAN00190";"2007-05-22";"11:10";0.3;"Sal";"VMV_3612";"";0.04;"---";"Good"
"CAN00190";"2007-06-06";"13:50";0.3;"Sal";"VMV_3612";"";0.03;"---";"Good"
"CAN00190";"2007-06-19";"14:00";0.3;"Sal";"VMV_3612";"";0.03;"---";"Good"
"CAN00190";"2007-07-04";"11:00";0.3;"Sal";"VMV_3612";"";0.04;"---";"Good"
"CAN00190";"2007-07-17";"09:50";0.3;"Sal";"VMV_3612";"";0.05;"---";"Good"
"CAN00190";"2007-08-01";"08:30";0.3;"Sal";"VMV_3612";"";0.05;"---";"Good"
"CAN00190";"2007-08-14";"08:50";0.3;"Sal";"VMV_3612";"";0.06;"---";"Good"
"CAN00190";"2007-08-27";"08:22";0.3;"Sal";"VMV_3612";"";0.06;"---";"Good"
"CAN00190";"2007-09-10";"09:03";0.3;"Sal";"VMV_3612";"";0.06;"---";"Good"
"CAN00190";"2007-09-24";"08:45";0.3;"Sal";"VMV_3612";"";0.06;"---";"Good"
"CAN00190";"2007-10-16";"09:04";0.3;"Sal";"VMV_3612";"";0.04;"---";"Good"
"CAN00190";"2007-10-30";"08:55";0.3;"Sal";"VMV_3612";"";0.05;"---";"Good"
"CAN00190";"2007-11-14";"00:00";0.3;"Sal";"VMV_3612";"";0.07;"---";"Good"
"CAN00190";"2007-11-26";"09:30";0.3;"Sal";"VMV_3612";"";0.05;"---";"Good"
"CAN00190";"2007-12-10";"09:30";0.3;"Sal";"VMV_3612";"";0.08;"---";"Good"
"CAN00190";"2007-12-17";"09:10";0.3;"Sal";"VMV_3612";"";0.08;"---";"Good"
"CAN00190";"2008-01-02";"09:30";0.3;"Sal";"VMV_3612";"";0.07;"---";"Good"
"CAN00190";"2008-01-14";"08:50";0.3;"Sal";"VMV_3612";"";0.06;"---";"Good"
"CAN00190";"2008-02-19";"09:15";0.3;"Sal";"VMV_3612";"";0.07;"---";"Good"
"CAN00190";"2008-03-03";"08:30";0.3;"Sal";"VMV_3612";"";0.06;"---";"Good"
"CAN00190";"2008-03-18";"10:00";0.3;"Sal";"VMV_3612";"";0.1;"---";"Good"
"CAN00190";"2008-03-31";"09:20";0.3;"Sal";"VMV_3612";"";0.08;"---";"Good"
"CAN00190";"2008-04-15";"09:00";0.3;"Sal";"VMV_3612";"";0.08;"---";"Good"
"CAN00190";"2008-04-29";"08:40";0.3;"Sal";"VMV_3612";"";0.08;"---";"Good"
"CAN00190";"2008-05-13";"08:05";0.3;"Sal";"VMV_3612";"";0.06;"---";"Good"
"CAN00190";"2008-06-10";"09:15";0.3;"Sal";"VMV_3612";"";0.05;"---";"Good"
"CAN00190";"2008-06-24";"08:00";0.3;"Sal";"VMV_3612";"";0.05;"---";"Good"
"CAN00190";"2008-07-07";"07:50";0.3;"Sal";"VMV_3612";"";0.05;"---";"Good"
"CAN00190";"2008-07-22";"08:53";0.3;"Sal";"VMV_3612";"";0.06;"---";"Good"
"CAN00190";"2008-08-06";"08:50";0.3;"Sal";"VMV_3612";"";0.06;"---";"Good"
"CAN00190";"2008-08-18";"08:15";0.3;"Sal";"VMV_3612";"";0.06;"---";"Good"
"CAN00190";"2008-09-10";"09:10";0.3;"Sal";"VMV_3612";"";0.06;"---";"Good"
"CAN00190";"2008-09-22";"00:00";0.3;"Sal";"VMV_3612";"";0.07;"---";"Good"
"CAN00190";"2008-10-06";"07:20";0.3;"Sal";"VMV_3612";"";0.06;"---";"Good"
"CAN00190";"2008-10-21";"10:45";0.3;"Sal";"VMV_3612";"";0.06;"---";"Good"
"CAN00190";"2008-11-04";"10:30";0.3;"Sal";"VMV_3612";"";0.05;"---";"Good"
"CAN00190";"2008-11-17";"00:00";0.3;"Sal";"VMV_3612";"";0.06;"---";"Good"
"CAN00190";"2008-12-02";"12:00";0.3;"Sal";"VMV_3612";"";0.07;"---";"Good"
"CAN00190";"2009-01-13";"10:00";0.3;"Sal";"VMV_3612";"";0.08;"---";"Good"
"CAN00190";"2009-01-27";"09:15";0.3;"Sal";"VMV_3612";"";0.09;"---";"Good"
"CAN00190";"2009-02-09";"09:45";0.3;"Sal";"VMV_3612";"";0.08;"---";"Good"
"CAN00190";"2009-02-24";"09:15";0.3;"Sal";"VMV_3612";"";0.09;"---";"Good"
"CAN00190";"2009-03-30";"11:15";0.3;"Sal";"VMV_3612";"";0.1;"---";"Good"
"CAN00190";"2009-04-14";"09:15";0.3;"Sal";"VMV_3612";"";0.09;"---";"Good"
"CAN00190";"2009-04-28";"08:51";0.3;"Sal";"VMV_3612";"";0.07;"---";"Good"
"CAN00190";"2009-05-12";"08:25";0.3;"Sal";"VMV_3612";"";0.06;"---";"Good"
"CAN00190";"2009-05-18";"08:00";0.3;"Sal";"VMV_3612";"";0.04;"---";"Good"
"CAN00190";"2009-05-26";"08:01";0.3;"Sal";"VMV_3612";"";0.04;"---";"Good"
"CAN00190";"2009-06-02";"07:40";0.3;"Sal";"VMV_3612";"";0.04;"---";"Good"
"CAN00190";"2009-06-09";"07:40";0.3;"Sal";"VMV_3612";"";0.05;"---";"Good"
"CAN00190";"2009-06-23";"09:15";0.3;"Sal";"VMV_3612";"";0.05;"---";"Good"
"CAN00190";"2009-08-25";"11:10";0.3;"Sal";"VMV_3612";"";0.08;"---";"Good"
"CAN00190";"2009-09-14";"18:30";0.3;"Sal";"VMV_3612";"";0.05;"---";"Good"
"CAN00190";"2009-09-28";"17:30";0.3;"Sal";"VMV_3612";"";0.08;"---";"Good"
"CAN00190";"2009-10-12";"15:20";0.3;"Sal";"VMV_3612";"";0.06;"---";"Good"
"CAN00190";"2009-10-26";"15:00";0.3;"Sal";"VMV_3612";"";0.05;"---";"Good"
"CAN00190";"2009-11-16";"15:00";0.3;"Sal";"VMV_3612";"";0.05;"---";"Good"
"CAN00190";"2009-12-01";"12:15";0.3;"Sal";"VMV_3612";"";0.05;"---";"Good"
"CAN00190";"2009-12-15";"12:30";0.3;"Sal";"VMV_3612";"";0.06;"---";"Good"
"CAN00190";"2009-12-28";"15:20";0.3;"Sal";"VMV_3612";"";0.06;"---";"Good"
"CAN00190";"2010-01-10";"15:00";0.3;"Sal";"VMV_3612";"";0.06;"---";"Good"
"CAN00190";"2010-01-25";"15:20";0.3;"Sal";"VMV_3612";"";0.07;"---";"Good"
"CAN00190";"2010-02-01";"16:00";0.3;"Sal";"VMV_3612";"";0.06;"---";"Good"
"CAN00190";"2010-03-08";"16:00";0.3;"Sal";"VMV_3612";"";0.07;"---";"Good"
"CAN00190";"2010-03-22";"15:00";0.3;"Sal";"VMV_3612";"";0.06;"---";"Good"
"CAN00190";"2010-04-05";"14:20";0.3;"Sal";"VMV_3612";"";0.06;"---";"Good"
"CAN00190";"2010-04-19";"16:20";0.3;"Sal";"VMV_3612";"";0.04;"---";"Good"
"CAN00190";"2010-05-04";"16:15";0.3;"Sal";"VMV_3612";"";0.04;"---";"Good"
"CAN00190";"2010-05-17";"16:30";0.3;"Sal";"VMV_3612";"";0.03;"---";"Good"
"CAN00190";"2010-05-31";"13:10";0.3;"Sal";"VMV_3612";"";0.03;"---";"Good"
"CAN00190";"2010-06-13";"13:30";0.3;"Sal";"VMV_3612";"";0.03;"---";"Good"
"CAN00190";"2010-06-28";"16:30";0.3;"Sal";"VMV_3612";"";0.03;"---";"Good"
"CAN00190";"2010-07-12";"15:00";0.3;"Sal";"VMV_3612";"";0.03;"---";"Good"
"CAN00190";"2010-07-26";"14:20";0.3;"Sal";"VMV_3612";"";0.04;"---";"Good"
"CAN00190";"2010-08-09";"14:30";0.3;"Sal";"VMV_3612";"";0.05;"---";"Good"
"CAN00190";"2010-09-07";"00:00";0.3;"Sal";"VMV_3612";"";0.04;"---";"Good"
"CAN00190";"2010-09-20";"15:30";0.3;"Sal";"VMV_3612";"";0.04;"---";"Good"
"CAN00190";"2010-10-04";"13:25";0.3;"Sal";"VMV_3612";"";0.04;"---";"Good"
"CAN00190";"2010-10-18";"12:30";0.3;"Sal";"VMV_3612";"";0.05;"---";"Good"
"CAN00190";"2010-11-01";"12:30";0.3;"Sal";"VMV_3612";"";0.05;"---";"Good"
"CAN00190";"2010-11-16";"13:20";0.3;"Sal";"VMV_3612";"";0.05;"---";"Good"
"CAN00190";"2010-11-29";"13:30";0.3;"Sal";"VMV_3612";"";0.06;"---";"Good"
"CAN00190";"2010-12-13";"13:30";0.3;"Sal";"VMV_3612";"";0.06;"---";"Good"
"URY00006";"2018-11-12";"23:20";0.3;"Sal";"0";"";0;"ppt";"Fair"
"URY00006";"2022-11-01";"10:55";0.3;"Sal";"0";"";0.1;"ppt";"Fair"
"URY00006";"2022-11-08";"09:40";0.3;"Sal";"0";"";0.1;"ppt";"Fair"
"URY00006";"2022-11-15";"10:05";0.3;"Sal";"0";"";0.1;"ppt";"Fair"
"URY00006";"2022-11-22";"11:11";0.3;"Sal";"0";"";0.1;"ppt";"Fair"
"URY00006";"2022-12-05";"10:15";0.3;"Sal";"0";"";0.1;"ppt";"Fair"
"URY00006";"2022-12-12";"09:15";0.3;"Sal";"0";"";0;"ppt";"Fair"
"URY00006";"2022-12-19";"10:55";0.3;"Sal";"0";"";0.1;"ppt";"Fair"
"URY00006";"2022-12-26";"11:25";0.3;"Sal";"0";"";0.1;"ppt";"Fair"
"URY00006";"2023-01-02";"10:30";0.3;"Sal";"0";"";0.1;"ppt";"Fair"
"URY00006";"2023-01-09";"10:00";0.3;"Sal";"0";"";0.1;"ppt";"Fair"
"URY00006";"2023-01-16";"10:05";0.3;"Sal";"0";"";0.1;"ppt";"Fair"
"URY00006";"2023-01-23";"09:50";0.3;"Sal";"0";"";0.2;"ppt";"Fair"
"URY00006";"2023-01-30";"08:30";0.3;"Sal";"0";"";0.2;"ppt";"Fair"
"URY00006";"2023-02-06";"10:45";0.3;"Sal";"0";"";0.2;"ppt";"Fair"
"URY00006";"2023-02-13";"11:20";0.3;"Sal";"0";"";0.2;"ppt";"Fair"
"URY00006";"2023-02-22";"10:50";0.3;"Sal";"0";"";0.2;"ppt";"Fair"
"URY00006";"2023-02-27";"10:10";0.3;"Sal";"0";"";0.2;"ppt";"Fair"
"URY00006";"2023-03-06";"09:10";0.3;"Sal";"0";"";0.2;"ppt";"Fair"
"URY00006";"2023-03-14";"11:00";0.3;"Sal";"0";"";0.2;"ppt";"Fair"
"URY00006";"2023-03-20";"09:30";0.3;"Sal";"0";"";0.2;"ppt";"Fair"
"URY00006";"2023-03-28";"09:30";0.3;"Sal";"0";"";0.2;"ppt";"Fair"
"URY00006";"2023-04-25";"10:55";0.3;"Sal";"0";"";0.1;"ppt";"Fair"
"URY00006";"2023-05-16";"10:50";0.3;"Sal";"0";"";0.2;"ppt";"Fair"
"URY00006";"2023-06-26";"11:25";0.3;"Sal";"0";"";0.1;"ppt";"Fair"
"URY00006";"2023-07-19";"10:30";0.3;"Sal";"0";"";0.1;"ppt";"Fair"
"URY00007";"2022-11-01";"10:15";0.3;"Sal";"0";"";0.1;"ppt";"Fair"
"URY00007";"2022-11-08";"10:15";0.3;"Sal";"0";"";0.1;"ppt";"Fair"
"URY00007";"2022-11-15";"11:40";0.3;"Sal";"0";"";0;"ppt";"Fair"
"URY00007";"2022-11-22";"11:45";0.3;"Sal";"0";"";0.1;"ppt";"Fair"
"URY00007";"2022-12-05";"10:40";0.3;"Sal";"0";"";0.1;"ppt";"Fair"
"URY00007";"2022-12-12";"10:35";0.3;"Sal";"0";"";0.1;"ppt";"Fair"
"URY00007";"2022-12-19";"11:35";0.3;"Sal";"0";"";0.1;"ppt";"Fair"
"URY00007";"2022-12-26";"10:55";0.3;"Sal";"0";"";0.1;"ppt";"Fair"
"URY00007";"2023-01-02";"09:40";0.3;"Sal";"0";"";0.1;"ppt";"Fair"
"URY00007";"2023-01-09";"09:00";0.3;"Sal";"0";"";0.1;"ppt";"Fair"
"URY00007";"2023-01-16";"09:30";0.3;"Sal";"0";"";0.2;"ppt";"Fair"
"URY00007";"2023-01-23";"09:20";0.3;"Sal";"0";"";0.2;"ppt";"Fair"
"URY00007";"2023-01-30";"11:45";0.3;"Sal";"0";"";0.2;"ppt";"Fair"
"URY00007";"2023-02-06";"10:10";0.3;"Sal";"0";"";0.2;"ppt";"Fair"
"URY00007";"2023-02-13";"10:40";0.3;"Sal";"0";"";0.2;"ppt";"Fair"
"URY00007";"2023-02-22";"10:01";0.3;"Sal";"0";"";0.2;"ppt";"Fair"
"URY00007";"2023-02-27";"10:40";0.3;"Sal";"0";"";0.2;"ppt";"Fair"
"URY00007";"2023-03-06";"08:42";0.3;"Sal";"0";"";0.2;"ppt";"Fair"
"URY00007";"2023-03-14";"11:45";0.3;"Sal";"0";"";0.2;"ppt";"Fair"
"URY00007";"2023-03-20";"08:50";0.3;"Sal";"0";"";0.2;"ppt";"Fair"
"URY00007";"2023-03-28";"09:00";0.3;"Sal";"0";"";0.1;"ppt";"Fair"
"URY00007";"2023-04-25";"09:10";0.3;"Sal";"0";"";0.2;"ppt";"Fair"
"URY00007";"2023-05-16";"09:10";0.3;"Sal";"0";"";0.2;"ppt";"Fair"
"URY00007";"2023-06-26";"10:55";0.3;"Sal";"0";"";0.2;"ppt";"Fair"
"URY00007";"2023-07-19";"10:05";0.3;"Sal";"0";"";0.1;"ppt";"Fair"
"URY00008";"2018-11-12";"08:30";0.3;"Sal";"0";"";0;"ppt";"Fair"
"URY00008";"2022-11-01";"09:44";0.3;"Sal";"0";"";0.1;"ppt";"Fair"
"URY00008";"2022-11-08";"08:43";0.3;"Sal";"0";"";0.1;"ppt";"Fair"
"URY00008";"2022-11-15";"09:10";0.3;"Sal";"0";"";0;"ppt";"Fair"
"URY00008";"2022-11-22";"12:00";0.3;"Sal";"0";"";0.1;"ppt";"Fair"
"URY00008";"2022-12-05";"08:40";0.3;"Sal";"0";"";0.1;"ppt";"Fair"
"URY00008";"2022-12-12";"10:05";0.3;"Sal";"0";"";0.1;"ppt";"Fair"
"URY00008";"2022-12-19";"09:05";0.3;"Sal";"0";"";0.1;"ppt";"Fair"
"URY00008";"2022-12-26";"10:35";0.3;"Sal";"0";"";0.1;"ppt";"Fair"
"URY00008";"2023-01-02";"09:20";0.3;"Sal";"0";"";0.1;"ppt";"Fair"
"URY00008";"2023-01-09";"08:15";0.3;"Sal";"0";"";0.1;"ppt";"Fair"
"URY00008";"2023-01-16";"09:00";0.3;"Sal";"0";"";0.1;"ppt";"Fair"
"URY00008";"2023-01-23";"09:00";0.3;"Sal";"0";"";0.1;"ppt";"Fair"
"URY00008";"2023-01-30";"11:15";0.3;"Sal";"0";"";0.1;"ppt";"Fair"
"URY00008";"2023-02-06";"09:35";0.3;"Sal";"0";"";0.1;"ppt";"Fair"
"URY00008";"2023-02-13";"10:00";0.3;"Sal";"0";"";0.1;"ppt";"Fair"
"URY00008";"2023-02-22";"09:45";0.3;"Sal";"0";"";0.1;"ppt";"Fair"
"URY00008";"2023-02-27";"09:05";0.3;"Sal";"0";"";0.1;"ppt";"Fair"
"URY00008";"2023-03-06";"08:05";0.3;"Sal";"0";"";0.1;"ppt";"Fair"
"URY00008";"2023-03-14";"12:05";0.3;"Sal";"0";"";0.2;"ppt";"Fair"
"URY00008";"2023-03-20";"08:05";0.3;"Sal";"0";"";0.1;"ppt";"Fair"
"URY00008";"2023-03-28";"08:23";0.3;"Sal";"0";"";0.1;"ppt";"Fair"
"URY00008";"2023-04-25";"08:45";0.3;"Sal";"0";"";0.1;"ppt";"Fair"
"URY00008";"2023-05-16";"08:45";0.3;"Sal";"0";"";0.1;"ppt";"Fair"
"URY00008";"2023-06-26";"10:35";0.3;"Sal";"0";"";0.1;"ppt";"Fair"
"URY00008";"2023-07-19";"10:15";0.3;"Sal";"0";"";0.1;"ppt";"Fair"
"URY00009";"2022-11-01";"11:30";0.3;"Sal";"0";"";0.1;"ppt";"Fair"
"URY00009";"2022-11-08";"10:24";0.3;"Sal";"0";"";0.1;"ppt";"Fair"
"URY00009";"2022-11-15";"08:50";0.3;"Sal";"0";"";0.1;"ppt";"Fair"
"URY00009";"2022-11-22";"10:10";0.3;"Sal";"0";"";0.1;"ppt";"Fair"
"URY00009";"2022-12-05";"09:08";0.3;"Sal";"0";"";0.1;"ppt";"Fair"
"URY00009";"2022-12-12";"10:15";0.3;"Sal";"0";"";0.1;"ppt";"Fair"
"URY00009";"2022-12-19";"09:30";0.3;"Sal";"0";"";0.1;"ppt";"Fair"
"URY00009";"2022-12-26";"10:15";0.3;"Sal";"0";"";0.1;"ppt";"Fair"
"URY00009";"2023-01-02";"08:50";0.3;"Sal";"0";"";0.1;"ppt";"Fair"
"URY00009";"2023-01-09";"08:00";0.3;"Sal";"0";"";0.1;"ppt";"Fair"
"URY00009";"2023-01-16";"08:05";0.3;"Sal";"0";"";0.1;"ppt";"Fair"
"URY00009";"2023-01-23";"08:20";0.3;"Sal";"0";"";0.1;"ppt";"Fair"
"URY00009";"2023-01-30";"12:20";0.3;"Sal";"0";"";0.1;"ppt";"Fair"
"URY00009";"2023-02-06";"09:15";0.3;"Sal";"0";"";0.2;"ppt";"Fair"
"URY00009";"2023-02-13";"09:40";0.3;"Sal";"0";"";0.2;"ppt";"Fair"
"URY00009";"2023-02-22";"09:06";0.3;"Sal";"0";"";0.2;"ppt";"Fair"
"URY00009";"2023-02-27";"08:40";0.3;"Sal";"0";"";0.2;"ppt";"Fair"
"URY00009";"2023-03-06";"08:25";0.3;"Sal";"0";"";0.2;"ppt";"Fair"
"URY00009";"2023-03-14";"12:50";0.3;"Sal";"0";"";0.2;"ppt";"Fair"
"URY00009";"2023-03-20";"08:30";0.3;"Sal";"0";"";0.2;"ppt";"Fair"
"URY00009";"2023-03-28";"08:09";0.3;"Sal";"0";"";0.2;"ppt";"Fair"
"URY00009";"2023-04-25";"08:20";0.3;"Sal";"0";"";0.2;"ppt";"Fair"
"URY00009";"2023-05-16";"08:50";0.3;"Sal";"0";"";0.2;"ppt";"Fair"
"URY00009";"2023-06-26";"10:00";0.3;"Sal";"0";"";0.2;"ppt";"Fair"
"URY00009";"2023-07-19";"09:15";0.3;"Sal";"0";"";0.2;"ppt";"Fair"
"URY00010";"2022-11-01";"11:40";0.3;"Sal";"0";"";0.1;"ppt";"Fair"
"URY00010";"2022-11-15";"08:55";0.3;"Sal";"0";"";0.1;"ppt";"Fair"
"URY00010";"2022-11-22";"10:20";0.3;"Sal";"0";"";0.1;"ppt";"Fair"
"URY00010";"2022-12-05";"09:00";0.3;"Sal";"0";"";0.1;"ppt";"Fair"
"URY00010";"2022-12-12";"10:55";0.3;"Sal";"0";"";0.1;"ppt";"Fair"
"URY00010";"2022-12-19";"09:20";0.3;"Sal";"0";"";0.1;"ppt";"Fair"
"URY00010";"2022-12-26";"10:05";0.3;"Sal";"0";"";0.1;"ppt";"Fair"
"URY00010";"2023-01-02";"09:00";0.3;"Sal";"0";"";0.1;"ppt";"Fair"
"URY00010";"2023-01-09";"08:40";0.3;"Sal";"0";"";0.1;"ppt";"Fair"
"URY00010";"2023-01-16";"08:20";0.3;"Sal";"0";"";0.1;"ppt";"Fair"
"URY00010";"2023-01-23";"08:00";0.3;"Sal";"0";"";0.1;"ppt";"Fair"
"URY00010";"2023-01-30";"12:10";0.3;"Sal";"0";"";0.1;"ppt";"Fair"
"URY00010";"2023-02-06";"09:00";0.3;"Sal";"0";"";0.2;"ppt";"Fair"
"URY00010";"2023-02-13";"09:30";0.3;"Sal";"0";"";0.2;"ppt";"Fair"
"URY00010";"2023-02-22";"09:15";0.3;"Sal";"0";"";0.2;"ppt";"Fair"
"URY00010";"2023-02-27";"08:50";0.3;"Sal";"0";"";0.2;"ppt";"Fair"
"URY00010";"2023-03-06";"07:45";0.3;"Sal";"0";"";0.2;"ppt";"Fair"
"URY00010";"2023-03-14";"12:30";0.3;"Sal";"0";"";0.2;"ppt";"Fair"
"URY00010";"2023-03-20";"08:40";0.3;"Sal";"0";"";0.2;"ppt";"Fair"
"URY00010";"2023-03-28";"08:15";0.3;"Sal";"0";"";0.2;"ppt";"Fair"
"URY00010";"2023-04-25";"09:30";0.3;"Sal";"0";"";0.2;"ppt";"Fair"
"URY00010";"2023-05-16";"09:00";0.3;"Sal";"0";"";0.2;"ppt";"Fair"
"URY00010";"2023-06-26";"10:15";0.3;"Sal";"0";"";0.2;"ppt";"Fair"
"URY00010";"2023-07-19";"09:30";0.3;"Sal";"0";"";0.2;"ppt";"Fair"
"URY00018";"2022-11-01";"12:15";0.3;"Sal";"0";"";0.1;"ppt";"Fair"
"URY00018";"2022-11-08";"11:00";0.3;"Sal";"0";"";0.1;"ppt";"Fair"
"URY00018";"2022-11-15";"12:10";0.3;"Sal";"0";"";0.1;"ppt";"Fair"
"URY00018";"2022-11-22";"12:50";0.3;"Sal";"0";"";0.1;"ppt";"Fair"
"URY00018";"2022-12-05";"11:40";0.3;"Sal";"0";"";0.1;"ppt";"Fair"
"URY00018";"2022-12-12";"11:26";0.3;"Sal";"0";"";0.1;"ppt";"Fair"
"URY00018";"2022-12-19";"11:35";0.3;"Sal";"0";"";0.1;"ppt";"Fair"
"URY00018";"2022-12-26";"12:12";0.3;"Sal";"0";"";0.1;"ppt";"Fair"
"URY00018";"2023-01-02";"11:30";0.3;"Sal";"0";"";0.1;"ppt";"Fair"
"URY00018";"2023-01-09";"10:40";0.3;"Sal";"0";"";0.1;"ppt";"Fair"
"URY00018";"2023-01-16";"10:40";0.3;"Sal";"0";"";0.1;"ppt";"Fair"
"URY00018";"2023-01-23";"12:30";0.3;"Sal";"0";"";0.1;"ppt";"Fair"
"URY00018";"2023-01-30";"07:30";0.3;"Sal";"0";"";0.1;"ppt";"Fair"
"URY00018";"2023-02-06";"11:50";0.3;"Sal";"0";"";0.1;"ppt";"Fair"
"URY00018";"2023-02-13";"12:10";0.3;"Sal";"0";"";0.1;"ppt";"Fair"
"URY00018";"2023-02-22";"11:40";0.3;"Sal";"0";"";0.2;"ppt";"Fair"
"URY00018";"2023-02-27";"11:15";0.3;"Sal";"0";"";0.2;"ppt";"Fair"
"URY00018";"2023-03-06";"10:10";0.3;"Sal";"0";"";0.2;"ppt";"Fair"
"URY00018";"2023-03-14";"09:50";0.3;"Sal";"0";"";0.2;"ppt";"Fair"
"URY00018";"2023-03-20";"10:15";0.3;"Sal";"0";"";0.2;"ppt";"Fair"
"URY00018";"2023-03-28";"11:45";0.3;"Sal";"0";"";0.1;"ppt";"Fair"
"URY00018";"2023-04-25";"11:45";0.3;"Sal";"0";"";0.1;"ppt";"Fair"
"URY00018";"2023-05-16";"11:40";0.3;"Sal";"0";"";0.1;"ppt";"Fair"
"URY00018";"2023-06-26";"12:10";0.3;"Sal";"0";"";0.1;"ppt";"Fair"
"URY00018";"2023-07-19";"12:45";0.3;"Sal";"0";"";0.1;"ppt";"Fair"
"URY00020";"2022-11-01";"09:12";0.3;"Sal";"0";"";0.1;"ppt";"Fair"
"URY00020";"2022-11-08";"07:20";0.3;"Sal";"0";"";0.1;"ppt";"Fair"
"URY00020";"2022-11-15";"08:35";0.3;"Sal";"0";"";0.1;"ppt";"Fair"
"URY00020";"2022-11-22";"09:48";0.3;"Sal";"0";"";0.1;"ppt";"Fair"
"URY00020";"2022-12-05";"08:05";0.3;"Sal";"0";"";0.1;"ppt";"Fair"
"URY00020";"2022-12-12";"09:46";0.3;"Sal";"0";"";0.1;"ppt";"Fair"
"URY00020";"2022-12-19";"08:40";0.3;"Sal";"0";"";0.1;"ppt";"Fair"
"URY00020";"2022-12-26";"09:46";0.3;"Sal";"0";"";0.1;"ppt";"Fair"
"URY00020";"2023-01-02";"08:25";0.3;"Sal";"0";"";0.1;"ppt";"Fair"
"URY00020";"2023-01-09";"07:30";0.3;"Sal";"0";"";0.1;"ppt";"Fair"
"URY00020";"2023-01-16";"07:50";0.3;"Sal";"0";"";0.1;"ppt";"Fair"
"URY00020";"2023-01-23";"07:25";0.3;"Sal";"0";"";0.1;"ppt";"Fair"
"URY00020";"2023-01-30";"10:30";0.3;"Sal";"0";"";0.1;"ppt";"Fair"
"URY00020";"2023-02-06";"08:20";0.3;"Sal";"0";"";0.1;"ppt";"Fair"
"URY00020";"2023-02-13";"09:00";0.3;"Sal";"0";"";0.1;"ppt";"Fair"
"URY00020";"2023-02-22";"08:30";0.3;"Sal";"0";"";0.1;"ppt";"Fair"
"URY00020";"2023-02-27";"08:20";0.3;"Sal";"0";"";0.1;"ppt";"Fair"
"URY00020";"2023-03-06";"07:19";0.3;"Sal";"0";"";0.1;"ppt";"Fair"
"URY00020";"2023-03-14";"08:30";0.3;"Sal";"0";"";0.1;"ppt";"Fair"
"URY00020";"2023-03-20";"07:40";0.3;"Sal";"0";"";0.1;"ppt";"Fair"
"URY00020";"2023-03-28";"07:45";0.3;"Sal";"0";"";0.1;"ppt";"Fair"
"URY00020";"2023-04-25";"07:45";0.3;"Sal";"0";"";0.1;"ppt";"Fair"
"URY00020";"2023-05-16";"08:25";0.3;"Sal";"0";"";0.1;"ppt";"Fair"
"URY00020";"2023-06-26";"09:30";0.3;"Sal";"0";"";0.1;"ppt";"Fair"
"URY00020";"2023-07-19";"08:50";0.3;"Sal";"0";"";0.1;"ppt";"Fair"
"URY00109";"2017-05-05";"12:30";0.3;"Sal";"0";"";0.18;"ppt";"Fair"
"URY00109";"2017-12-18";"00:00";0.3;"Sal";"0";"";0.216;"ppt";"Fair"
"URY00109";"2018-01-30";"11:45";0.3;"Sal";"0";"";0.28;"ppt";"Fair"
"URY00109";"2018-12-07";"11:10";0.3;"Sal";"0";"";0.307;"ppt";"Fair"
"URY00109";"2019-03-01";"09:20";0.3;"Sal";"0";"";0.248;"ppt";"Fair"
"URY00109";"2019-12-06";"10:10";0.3;"Sal";"0";"";0.219;"ppt";"Fair"
"URY00109";"2020-12-04";"10:15";0.3;"Sal";"0";"";0.353;"ppt";"Fair"
"URY00109";"2021-02-23";"11:02";0.3;"Sal";"0";"";0.142;"ppt";"Fair"
"URY00109";"2021-05-28";"10:55";0.3;"Sal";"0";"";0.1;"ppt";"Fair"
"URY00109";"2022-03-04";"10:30";0.3;"Sal";"0";"";0.1;"ppt";"Fair"
"URY00109";"2022-06-23";"00:00";0.3;"Sal";"0";"";0.2;"ppt";"Fair"
"URY00109";"2022-12-01";"11:00";0.3;"Sal";"0";"";0.2;"ppt";"Fair"
"URY00110";"2017-05-05";"11:50";0.3;"Sal";"0";"";0.2;"ppt";"Fair"
"URY00110";"2017-12-18";"00:00";0.3;"Sal";"0";"";0.2;"ppt";"Fair"
"URY00110";"2018-01-30";"12:20";0.3;"Sal";"0";"";0.23;"ppt";"Fair"
"URY00110";"2018-12-07";"11:50";0.3;"Sal";"0";"";0.275;"ppt";"Fair"
"URY00110";"2019-12-06";"09:35";0.3;"Sal";"0";"";0.221;"ppt";"Fair"
"URY00111";"2017-05-05";"11:00";0.3;"Sal";"0";"";0.2;"ppt";"Fair"
"URY00111";"2017-11-03";"10:15";0.3;"Sal";"0";"";0.23;"ppt";"Fair"
"URY00111";"2017-12-18";"00:00";0.3;"Sal";"0";"";0.148;"ppt";"Fair"
"URY00111";"2018-01-30";"10:00";0.3;"Sal";"0";"";0.21;"ppt";"Fair"
"URY00111";"2018-05-04";"09:00";0.3;"Sal";"0";"";0.129;"ppt";"Fair"
"URY00111";"2018-08-10";"08:55";0.3;"Sal";"0";"";0.138;"ppt";"Fair"
"URY00111";"2018-12-07";"09:20";0.3;"Sal";"0";"";0.236;"ppt";"Fair"
"URY00111";"2019-03-01";"10:30";0.3;"Sal";"0";"";0.223;"ppt";"Fair"
"URY00111";"2019-05-24";"10:00";0.3;"Sal";"0";"";0.121;"ppt";"Fair"
"URY00111";"2019-09-06";"09:40";0.3;"Sal";"0";"";0.242;"ppt";"Fair"
"URY00111";"2019-12-06";"11:45";0.3;"Sal";"0";"";0.2;"ppt";"Fair"
"URY00111";"2020-02-21";"10:10";0.3;"Sal";"0";"";0.324;"ppt";"Fair"
"URY00111";"2020-12-04";"08:00";0.3;"Sal";"0";"";0;"ppt";"Fair"
"URY00111";"2020-12-04";"09:00";0.3;"Sal";"0";"";0.245;"ppt";"Fair"
"URY00111";"2021-02-23";"09:00";0.3;"Sal";"0";"";0.142;"ppt";"Fair"
"URY00111";"2021-05-28";"09:33";0.3;"Sal";"0";"";0.1;"ppt";"Fair"
"URY00111";"2021-09-03";"09:15";0.3;"Sal";"0";"";0.1;"ppt";"Fair"
"URY00111";"2021-12-10";"09:45";0.3;"Sal";"0";"";0.3;"ppt";"Fair"
"URY00111";"2022-03-04";"09:25";0.3;"Sal";"0";"";0.1;"ppt";"Fair"
"URY00111";"2022-06-23";"00:00";0.3;"Sal";"0";"";0.1;"ppt";"Fair"
"URY00111";"2022-08-18";"10:40";0.3;"Sal";"0";"";0.2;"ppt";"Fair"
"URY00111";"2022-12-01";"10:00";0.3;"Sal";"0";"";0.1;"ppt";"Fair"
"URY00111";"2023-02-23";"09:40";0.3;"Sal";"0";"";0.2;"ppt";"Fair"
"URY00111";"2023-05-05";"09:10";0.3;"Sal";"0";"";0.2;"ppt";"Fair"
"URY00112";"2017-02-07";"00:00";0.3;"Sal";"0";"";19.1;"ppt";"Pending review"
"URY00112";"2017-05-03";"00:00";0.3;"Sal";"0";"";17.2;"ppt";"Pending review"
"URY00112";"2017-11-06";"00:00";0.3;"Sal";"0";"";14;"ppt";"Pending review"
"URY00112";"2018-01-31";"14:00";0.3;"Sal";"0";"";20.9;"ppt";"Pending review"
"URY00112";"2018-04-27";"00:00";0.3;"Sal";"0";"";19.3;"ppt";"Pending review"
"URY00112";"2018-08-01";"09:10";0.3;"Sal";"0";"";2.5;"ppt";"Fair"
"URY00112";"2018-10-25";"08:44";0.3;"Sal";"0";"";14.3;"ppt";"Pending review"
"URY00112";"2019-02-04";"08:30";0.3;"Sal";"0";"";12.11;"ppt";"Pending review"
"URY00112";"2019-05-08";"10:30";0.3;"Sal";"0";"";15.07;"ppt";"Pending review"
"URY00112";"2019-08-07";"08:40";0.3;"Sal";"0";"";11.28;"ppt";"Pending review"
"URY00112";"2019-11-06";"10:10";0.3;"Sal";"0";"";5.52;"ppt";"Fair"
"URY00112";"2020-02-04";"08:50";0.3;"Sal";"0";"";23.5;"ppt";"Pending review"
"URY00112";"2020-05-07";"09:00";0.3;"Sal";"0";"";24.4;"ppt";"Pending review"
"URY00112";"2020-08-04";"09:15";0.3;"Sal";"0";"";13.7;"ppt";"Pending review"
"URY00112";"2020-11-04";"08:46";0.3;"Sal";"0";"";6.99;"ppt";"Fair"
"URY00112";"2021-02-02";"00:00";0.3;"Sal";"0";"";9.2;"ppt";"Fair"
"URY00112";"2021-05-12";"00:00";0.3;"Sal";"0";"";13.3;"ppt";"Pending review"
"URY00112";"2021-09-01";"00:00";0.3;"Sal";"0";"";7.7;"ppt";"Fair"
"URY00112";"2021-11-17";"00:00";0.3;"Sal";"0";"";10.53;"ppt";"Pending review"
"URY00112";"2022-02-01";"00:00";0.3;"Sal";"0";"";4.79;"ppt";"Fair"
"URY00112";"2022-05-04";"00:00";0.3;"Sal";"0";"";5.26;"ppt";"Fair"
"URY00112";"2022-08-10";"00:00";0.3;"Sal";"0";"";7.51;"ppt";"Fair"
"URY00112";"2022-11-08";"00:00";0.3;"Sal";"0";"";8.6;"ppt";"Fair"
"URY00113";"2017-02-07";"00:00";0.3;"Sal";"0";"";18.3;"ppt";"Pending review"
"URY00113";"2017-05-03";"00:00";0.3;"Sal";"0";"";17.4;"ppt";"Pending review"
"URY00113";"2017-11-06";"00:00";0.3;"Sal";"0";"";14.3;"ppt";"Pending review"
"URY00113";"2018-01-31";"11:30";0.3;"Sal";"0";"";20.9;"ppt";"Pending review"
"URY00113";"2018-08-01";"00:00";0.3;"Sal";"0";"";5.8;"ppt";"Fair"
"URY00113";"2018-10-25";"00:00";0.3;"Sal";"0";"";16.7;"ppt";"Pending review"
"URY00113";"2019-02-04";"09:45";0.3;"Sal";"0";"";13.02;"ppt";"Pending review"
"URY00113";"2019-05-08";"11:00";0.3;"Sal";"0";"";16.61;"ppt";"Pending review"
"URY00113";"2019-08-07";"09:30";0.3;"Sal";"0";"";11.04;"ppt";"Pending review"
"URY00113";"2019-11-06";"10:57";0.3;"Sal";"0";"";10.3;"ppt";"Pending review"
"URY00113";"2020-02-04";"10:20";0.3;"Sal";"0";"";24.4;"ppt";"Pending review"
"URY00113";"2020-05-07";"10:30";0.3;"Sal";"0";"";25;"ppt";"Pending review"
"URY00113";"2020-08-04";"10:15";0.3;"Sal";"0";"";13.7;"ppt";"Pending review"
"URY00113";"2020-11-04";"10:10";0.3;"Sal";"0";"";7.06;"ppt";"Fair"
"URY00113";"2021-02-02";"00:00";0.3;"Sal";"0";"";9.29;"ppt";"Fair"
"URY00113";"2021-05-12";"00:00";0.3;"Sal";"0";"";19.5;"ppt";"Pending review"
"URY00113";"2021-09-01";"00:00";0.3;"Sal";"0";"";7.82;"ppt";"Fair"
"URY00113";"2021-11-17";"00:00";0.3;"Sal";"0";"";11.23;"ppt";"Pending review"
"URY00113";"2022-02-01";"00:00";0.3;"Sal";"0";"";5.43;"ppt";"Fair"
"URY00113";"2022-05-04";"00:00";0.3;"Sal";"0";"";5.35;"ppt";"Fair"
"URY00113";"2022-08-10";"00:00";0.3;"Sal";"0";"";9.13;"ppt";"Fair"
"URY00113";"2022-11-08";"00:00";0.3;"Sal";"0";"";8.8;"ppt";"Fair"
"URY00114";"2017-02-07";"00:00";0.3;"Sal";"0";"";18.3;"ppt";"Pending review"
"URY00114";"2017-05-03";"00:00";0.3;"Sal";"0";"";15.4;"ppt";"Pending review"
"URY00114";"2017-11-06";"00:00";0.3;"Sal";"0";"";7.1;"ppt";"Fair"
"URY00114";"2018-01-31";"09:30";0.3;"Sal";"0";"";14.5;"ppt";"Pending review"
"URY00114";"2018-04-27";"00:00";0.3;"Sal";"0";"";15.3;"ppt";"Pending review"
"URY00114";"2018-08-01";"00:00";0.3;"Sal";"0";"";0.2;"ppt";"Fair"
"URY00114";"2018-10-25";"00:00";0.3;"Sal";"0";"";6.7;"ppt";"Fair"
"URY00114";"2019-02-04";"13:00";0.3;"Sal";"0";"";4.01;"ppt";"Fair"
"URY00114";"2019-05-08";"09:15";0.3;"Sal";"0";"";2.3;"ppt";"Fair"
"URY00114";"2019-08-07";"12:10";0.3;"Sal";"0";"";8.93;"ppt";"Fair"
"URY00114";"2019-11-06";"09:10";0.3;"Sal";"0";"";0.58;"ppt";"Fair"
"URY00114";"2020-02-04";"13:00";0.3;"Sal";"0";"";21.4;"ppt";"Pending review"
"URY00114";"2020-05-07";"13:30";0.3;"Sal";"0";"";21.8;"ppt";"Pending review"
"URY00114";"2020-08-04";"14:00";0.3;"Sal";"0";"";11.7;"ppt";"Pending review"
"URY00114";"2020-11-04";"13:20";0.3;"Sal";"0";"";6.12;"ppt";"Fair"
"URY00114";"2021-02-02";"00:00";0.3;"Sal";"0";"";8.96;"ppt";"Fair"
"URY00114";"2021-05-12";"00:00";0.3;"Sal";"0";"";18;"ppt";"Pending review"
"URY00114";"2021-09-01";"00:00";0.3;"Sal";"0";"";7.63;"ppt";"Fair"
"URY00114";"2021-11-17";"00:00";0.3;"Sal";"0";"";9.44;"ppt";"Fair"
"URY00114";"2022-02-01";"00:00";0.3;"Sal";"0";"";2.07;"ppt";"Fair"
"URY00114";"2022-05-04";"00:00";0.3;"Sal";"0";"";3.32;"ppt";"Fair"
"URY00114";"2022-08-10";"00:00";0.3;"Sal";"0";"";5.54;"ppt";"Fair"
"URY00114";"2022-11-08";"00:00";0.3;"Sal";"0";"";3.17;"ppt";"Fair"
"URY00115";"2017-02-09";"00:00";0.3;"Sal";"0";"";8.6;"ppt";"Fair"
"URY00115";"2017-05-04";"00:00";0.3;"Sal";"0";"";9.6;"ppt";"Fair"
"URY00115";"2017-08-03";"00:00";0.3;"Sal";"0";"";5.5;"ppt";"Fair"
"URY00115";"2017-11-07";"13:00";0.3;"Sal";"0";"";0.4;"ppt";"Fair"
"URY00115";"2018-02-01";"00:00";0.3;"Sal";"0";"";5.9;"ppt";"Fair"
"URY00115";"2018-04-27";"00:00";0.3;"Sal";"0";"";9.4;"ppt";"Fair"
"URY00115";"2018-08-02";"00:00";0.3;"Sal";"0";"";1.5;"ppt";"Fair"
"URY00115";"2018-10-24";"12:25";0.3;"Sal";"0";"";0.3;"ppt";"Fair"
"URY00115";"2019-05-07";"11:15";0.3;"Sal";"0";"";8.14;"ppt";"Fair"
"URY00115";"2019-08-06";"00:00";0.3;"Sal";"0";"";0.17;"ppt";"Fair"
"URY00115";"2019-11-05";"11:45";0.3;"Sal";"0";"";0.09;"ppt";"Fair"
"URY00115";"2020-02-10";"11:50";0.3;"Sal";"0";"";11.3;"ppt";"Pending review"
"URY00115";"2020-05-08";"11:15";0.3;"Sal";"0";"";11.56;"ppt";"Pending review"
"URY00115";"2020-08-05";"11:00";0.3;"Sal";"0";"";2.61;"ppt";"Fair"
"URY00115";"2020-11-03";"11:30";0.3;"Sal";"0";"";2.89;"ppt";"Fair"
"URY00115";"2021-02-07";"00:00";0.3;"Sal";"0";"";17.9;"ppt";"Pending review"
"URY00115";"2021-05-11";"00:00";0.3;"Sal";"0";"";9.3;"ppt";"Fair"
"URY00115";"2021-08-31";"00:00";0.3;"Sal";"0";"";1.5;"ppt";"Fair"
"URY00115";"2021-11-18";"00:00";0.3;"Sal";"0";"";0.93;"ppt";"Fair"
"URY00115";"2022-02-02";"00:00";0.3;"Sal";"0";"";6.91;"ppt";"Fair"
"URY00115";"2022-05-03";"00:00";0.3;"Sal";"0";"";9.8;"ppt";"Fair"
"URY00115";"2022-08-11";"00:00";0.3;"Sal";"0";"";2.34;"ppt";"Fair"
"URY00115";"2022-11-09";"00:00";0.3;"Sal";"0";"";2.85;"ppt";"Fair"
"URY00116";"2017-02-09";"00:00";0.3;"Sal";"0";"";5.1;"ppt";"Fair"
"URY00116";"2017-05-04";"00:00";0.3;"Sal";"0";"";8.1;"ppt";"Fair"
"URY00116";"2017-08-03";"00:00";0.3;"Sal";"0";"";5.9;"ppt";"Fair"
"URY00116";"2017-11-07";"10:30";0.3;"Sal";"0";"";0.4;"ppt";"Fair"
"URY00116";"2018-02-01";"00:00";0.3;"Sal";"0";"";4.5;"ppt";"Fair"
"URY00116";"2018-04-27";"00:00";0.3;"Sal";"0";"";10;"ppt";"Fair"
"URY00116";"2018-08-02";"00:00";0.3;"Sal";"0";"";1.5;"ppt";"Fair"
"URY00116";"2018-10-24";"11:22";0.3;"Sal";"0";"";0.3;"ppt";"Fair"
"URY00116";"2019-02-06";"11:00";0.3;"Sal";"0";"";0.85;"ppt";"Fair"
"URY00116";"2019-05-07";"10:30";0.3;"Sal";"0";"";4.81;"ppt";"Fair"
"URY00116";"2019-08-06";"00:00";0.3;"Sal";"0";"";0.36;"ppt";"Fair"
"URY00116";"2019-11-05";"10:45";0.3;"Sal";"0";"";0.08;"ppt";"Fair"
"URY00116";"2020-02-10";"10:50";0.3;"Sal";"0";"";6.87;"ppt";"Fair"
"URY00116";"2020-05-08";"10:30";0.3;"Sal";"0";"";11.22;"ppt";"Pending review"
"URY00116";"2020-08-05";"10:10";0.3;"Sal";"0";"";2.18;"ppt";"Fair"
"URY00116";"2020-11-03";"10:30";0.3;"Sal";"0";"";2.43;"ppt";"Fair"
"URY00116";"2021-02-07";"00:00";0.3;"Sal";"0";"";17.4;"ppt";"Pending review"
"URY00116";"2021-05-11";"00:00";0.3;"Sal";"0";"";7.6;"ppt";"Fair"
"URY00116";"2021-08-31";"00:00";0.3;"Sal";"0";"";1.27;"ppt";"Fair"
"URY00116";"2021-11-18";"00:00";0.3;"Sal";"0";"";1.21;"ppt";"Fair"
"URY00116";"2022-02-02";"00:00";0.3;"Sal";"0";"";3.36;"ppt";"Fair"
"URY00116";"2022-05-03";"00:00";0.3;"Sal";"0";"";7.2;"ppt";"Fair"
"URY00116";"2022-08-11";"00:00";0.3;"Sal";"0";"";1.33;"ppt";"Fair"
"URY00116";"2022-11-09";"00:00";0.3;"Sal";"0";"";3.35;"ppt";"Fair"
"URY00117";"2017-05-04";"00:00";0.3;"Sal";"0";"";7.8;"ppt";"Fair"
"URY00117";"2017-08-03";"00:00";0.3;"Sal";"0";"";5.7;"ppt";"Fair"
"URY00117";"2017-11-07";"09:30";0.3;"Sal";"0";"";0.2;"ppt";"Fair"
"URY00117";"2018-02-01";"00:00";0.3;"Sal";"0";"";2.5;"ppt";"Fair"
"URY00117";"2018-04-27";"00:00";0.3;"Sal";"0";"";8.5;"ppt";"Fair"
"URY00117";"2018-08-02";"00:00";0.3;"Sal";"0";"";1.5;"ppt";"Fair"
"URY00117";"2018-10-24";"09:34";0.3;"Sal";"0";"";0.1;"ppt";"Fair"
"URY00117";"2019-02-06";"09:00";0.3;"Sal";"0";"";1.07;"ppt";"Fair"
"URY00117";"2019-05-07";"09:45";0.3;"Sal";"0";"";5.83;"ppt";"Fair"
"URY00117";"2020-02-10";"08:50";0.3;"Sal";"0";"";4.53;"ppt";"Fair"
"URY00117";"2020-05-08";"08:30";0.3;"Sal";"0";"";10.52;"ppt";"Pending review"
"URY00117";"2020-08-05";"09:27";0.3;"Sal";"0";"";1.79;"ppt";"Fair"
"URY00117";"2020-11-03";"08:30";0.3;"Sal";"0";"";0.96;"ppt";"Fair"
"URY00117";"2021-02-07";"00:00";0.3;"Sal";"0";"";16.3;"ppt";"Pending review"
"URY00117";"2021-05-11";"00:00";0.3;"Sal";"0";"";5.6;"ppt";"Fair"
"URY00117";"2021-08-31";"00:00";0.3;"Sal";"0";"";0.74;"ppt";"Fair"
"URY00117";"2021-11-18";"00:00";0.3;"Sal";"0";"";0.82;"ppt";"Fair"
"URY00117";"2022-02-02";"00:00";0.3;"Sal";"0";"";3.89;"ppt";"Fair"
"URY00117";"2022-05-03";"00:00";0.3;"Sal";"0";"";6.04;"ppt";"Fair"
"URY00117";"2022-08-11";"00:00";0.3;"Sal";"0";"";2.04;"ppt";"Fair"
"URY00117";"2022-11-09";"00:00";0.3;"Sal";"0";"";3.88;"ppt";"Fair"
"URY00118";"2017-02-09";"00:00";0.3;"Sal";"0";"";2.7;"ppt";"Fair"
"URY00118";"2017-05-04";"00:00";0.3;"Sal";"0";"";3.8;"ppt";"Fair"
"URY00118";"2017-08-03";"00:00";0.3;"Sal";"0";"";2;"ppt";"Fair"
"URY00118";"2017-11-07";"11:45";0.3;"Sal";"0";"";0.1;"ppt";"Fair"
"URY00118";"2018-02-01";"00:00";0.3;"Sal";"0";"";2.3;"ppt";"Fair"
"URY00118";"2018-04-27";"00:00";0.3;"Sal";"0";"";5;"ppt";"Fair"
"URY00118";"2018-08-02";"00:00";0.3;"Sal";"0";"";0.2;"ppt";"Fair"
"URY00118";"2018-10-24";"10:34";0.3;"Sal";"0";"";0.1;"ppt";"Fair"
"URY00118";"2019-02-06";"09:00";0.3;"Sal";"0";"";0.08;"ppt";"Fair"
"URY00118";"2020-02-10";"09:50";0.3;"Sal";"0";"";4.11;"ppt";"Fair"
"URY00118";"2020-05-08";"09:30";0.3;"Sal";"0";"";7.98;"ppt";"Fair"
"URY00118";"2020-11-03";"09:30";0.3;"Sal";"0";"";0.35;"ppt";"Fair"
"URY00118";"2021-02-07";"00:00";0.3;"Sal";"0";"";14.3;"ppt";"Pending review"
"URY00118";"2021-11-18";"00:00";0.3;"Sal";"0";"";0.26;"ppt";"Fair"
"URY00118";"2022-02-02";"00:00";0.3;"Sal";"0";"";0.67;"ppt";"Fair"
"URY00118";"2022-05-03";"00:00";0.3;"Sal";"0";"";2.87;"ppt";"Fair"
"URY00118";"2022-08-11";"00:00";0.3;"Sal";"0";"";0.07;"ppt";"Fair"
"URY00118";"2022-11-09";"00:00";0.3;"Sal";"0";"";0.16;"ppt";"Fair"
"URY00119";"2017-02-09";"00:00";0.3;"Sal";"0";"";8.7;"ppt";"Fair"
"URY00119";"2017-05-04";"00:00";0.3;"Sal";"0";"";21.3;"ppt";"Pending review"
"URY00119";"2017-08-03";"00:00";0.3;"Sal";"0";"";4.6;"ppt";"Fair"
"URY00119";"2017-11-07";"14:10";0.3;"Sal";"0";"";0.5;"ppt";"Fair"
"URY00119";"2018-02-01";"00:00";0.3;"Sal";"0";"";27.9;"ppt";"Pending review"
"URY00119";"2018-04-27";"00:00";0.3;"Sal";"0";"";9.9;"ppt";"Fair"
"URY00119";"2018-08-02";"09:00";0.3;"Sal";"0";"";1.7;"ppt";"Fair"
"URY00119";"2018-10-24";"13:25";0.3;"Sal";"0";"";0.3;"ppt";"Fair"
"URY00119";"2019-02-06";"13:30";0.3;"Sal";"0";"";0.94;"ppt";"Fair"
"URY00119";"2019-05-07";"12:00";0.3;"Sal";"0";"";7.69;"ppt";"Fair"
"URY00119";"2019-08-06";"00:00";0.3;"Sal";"0";"";0.27;"ppt";"Fair"
"URY00119";"2019-11-05";"12:30";0.3;"Sal";"0";"";0.11;"ppt";"Fair"
"URY00119";"2020-02-10";"13:00";0.3;"Sal";"0";"";32.61;"ppt";"Pending review"
"URY00119";"2020-05-08";"12:00";0.3;"Sal";"0";"";21.64;"ppt";"Pending review"
"URY00119";"2020-08-05";"11:40";0.3;"Sal";"0";"";2.65;"ppt";"Fair"
"URY00119";"2020-11-03";"12:50";0.3;"Sal";"0";"";4.19;"ppt";"Fair"
"URY00119";"2021-02-07";"00:00";0.3;"Sal";"0";"";33.6;"ppt";"Pending review"
"URY00119";"2021-05-11";"00:00";0.3;"Sal";"0";"";29.8;"ppt";"Pending review"
"URY00119";"2021-08-31";"00:00";0.3;"Sal";"0";"";1.42;"ppt";"Fair"
"URY00119";"2021-11-18";"00:00";0.3;"Sal";"0";"";3.36;"ppt";"Fair"
"URY00119";"2022-02-02";"00:00";0.3;"Sal";"0";"";7.1;"ppt";"Fair"
"URY00119";"2022-05-03";"00:00";0.3;"Sal";"0";"";10.25;"ppt";"Pending review"
"URY00119";"2022-08-11";"00:00";0.3;"Sal";"0";"";2.35;"ppt";"Fair"
"URY00119";"2022-11-09";"00:00";0.3;"Sal";"0";"";2.53;"ppt";"Fair"
"URY00120";"2017-05-11";"08:20";0.3;"Sal";"0";"";0.54;"ppt";"Fair"
"URY00120";"2017-07-28";"09:50";0.3;"Sal";"0";"";0.2;"ppt";"Fair"
"URY00120";"2017-11-10";"08:50";0.3;"Sal";"0";"";0.23;"ppt";"Fair"
"URY00120";"2018-01-25";"08:15";0.3;"Sal";"0";"";0.253;"ppt";"Fair"
"URY00120";"2018-05-03";"08:35";0.3;"Sal";"0";"";0.15;"ppt";"Fair"
"URY00120";"2018-08-02";"08:20";0.3;"Sal";"0";"";0.173;"ppt";"Fair"
"URY00120";"2018-10-25";"09:50";0.3;"Sal";"0";"";0.314;"ppt";"Fair"
"URY00120";"2019-02-14";"10:20";0.3;"Sal";"0";"";0.163;"ppt";"Fair"
"URY00120";"2019-05-10";"09:29";0.3;"Sal";"0";"";0.23;"ppt";"Fair"
"URY00120";"2019-08-23";"09:15";0.3;"Sal";"0";"";0.239;"ppt";"Fair"
"URY00120";"2020-05-14";"09:12";0.3;"Sal";"0";"";0.437;"ppt";"Fair"
"URY00120";"2020-11-20";"09:40";0.3;"Sal";"0";"";0.532;"ppt";"Fair"
"URY00120";"2021-02-19";"09:20";0.3;"Sal";"0";"";0.152;"ppt";"Fair"
"URY00120";"2021-05-13";"09:40";0.3;"Sal";"0";"";0.3;"ppt";"Fair"
"URY00120";"2021-08-26";"09:50";0.3;"Sal";"0";"";0.2;"ppt";"Fair"
"URY00120";"2021-11-26";"09:50";0.3;"Sal";"0";"";0.5;"ppt";"Fair"
"URY00120";"2022-02-11";"10:20";0.3;"Sal";"0";"";0.323;"ppt";"Fair"
"URY00120";"2022-05-13";"08:41";0.3;"Sal";"0";"";0.3;"ppt";"Fair"
"URY00120";"2022-08-12";"09:40";0.3;"Sal";"0";"";0.1;"ppt";"Fair"
"URY00120";"2022-11-18";"10:08";0.3;"Sal";"0";"";0.2;"ppt";"Fair"
"URY00120";"2023-02-02";"10:00";0.3;"Sal";"0";"";0.7;"ppt";"Fair"
"URY00120";"2023-05-12";"09:20";0.3;"Sal";"0";"";0.3;"ppt";"Fair"
"URY00121";"2017-05-11";"08:55";0.3;"Sal";"0";"";0.14;"ppt";"Fair"
"URY00121";"2017-07-28";"10:40";0.3;"Sal";"0";"";0.12;"ppt";"Fair"
"URY00121";"2017-11-10";"09:36";0.3;"Sal";"0";"";0.12;"ppt";"Fair"
"URY00121";"2018-01-25";"09:25";0.3;"Sal";"0";"";0.14;"ppt";"Fair"
"URY00121";"2018-05-03";"09:15";0.3;"Sal";"0";"";0.11;"ppt";"Fair"
"URY00121";"2018-08-02";"10:00";0.3;"Sal";"0";"";0.11;"ppt";"Fair"
"URY00121";"2018-10-25";"10:35";0.3;"Sal";"0";"";0.124;"ppt";"Fair"
"URY00121";"2019-02-14";"10:55";0.3;"Sal";"0";"";0.097;"ppt";"Fair"
"URY00121";"2019-05-10";"10:06";0.3;"Sal";"0";"";0.108;"ppt";"Fair"
"URY00121";"2019-08-23";"09:45";0.3;"Sal";"0";"";0.118;"ppt";"Fair"
"URY00121";"2019-11-05";"08:00";0.3;"Sal";"0";"";0.093;"ppt";"Fair"
"URY00121";"2020-05-14";"08:45";0.3;"Sal";"0";"";0.162;"ppt";"Fair"
"URY00121";"2020-11-20";"09:05";0.3;"Sal";"0";"";0.162;"ppt";"Fair"
"URY00121";"2021-02-19";"08:55";0.3;"Sal";"0";"";0.103;"ppt";"Fair"
"URY00121";"2021-05-13";"10:34";0.3;"Sal";"0";"";0.1;"ppt";"Fair"
"URY00121";"2021-08-26";"10:25";0.3;"Sal";"0";"";0.1;"ppt";"Fair"
"URY00121";"2021-11-26";"09:18";0.3;"Sal";"0";"";0.1;"ppt";"Fair"
"URY00121";"2022-02-11";"09:50";0.3;"Sal";"0";"";0.134;"ppt";"Fair"
"URY00121";"2022-05-13";"09:22";0.3;"Sal";"0";"";0.1;"ppt";"Fair"
"URY00121";"2022-08-12";"09:10";0.3;"Sal";"0";"";0.1;"ppt";"Fair"
"URY00121";"2022-11-18";"09:34";0.3;"Sal";"0";"";0.1;"ppt";"Fair"
"URY00121";"2023-02-02";"09:25";0.3;"Sal";"0";"";0.3;"ppt";"Fair"
"URY00122";"2017-05-11";"09:15";0.3;"Sal";"0";"";0.15;"ppt";"Fair"
"URY00122";"2017-07-28";"11:05";0.3;"Sal";"0";"";0.11;"ppt";"Fair"
"URY00122";"2017-11-10";"10:00";0.3;"Sal";"0";"";0.09;"ppt";"Fair"
"URY00122";"2018-01-25";"09:45";0.3;"Sal";"0";"";0.11;"ppt";"Fair"
"URY00122";"2018-05-03";"09:30";0.3;"Sal";"0";"";0.1;"ppt";"Fair"
"URY00122";"2018-08-02";"10:20";0.3;"Sal";"0";"";0.095;"ppt";"Fair"
"URY00122";"2018-10-25";"10:50";0.3;"Sal";"0";"";0.123;"ppt";"Fair"
"URY00122";"2019-02-14";"11:10";0.3;"Sal";"0";"";0.105;"ppt";"Fair"
"URY00122";"2019-05-10";"10:26";0.3;"Sal";"0";"";0.11;"ppt";"Fair"
"URY00122";"2019-08-23";"10:05";0.3;"Sal";"0";"";0.105;"ppt";"Fair"
"URY00122";"2019-11-05";"08:25";0.3;"Sal";"0";"";0.093;"ppt";"Fair"
"URY00122";"2020-02-20";"08:53";0.3;"Sal";"0";"";0.123;"ppt";"Fair"
"URY00122";"2020-05-14";"08:30";0.3;"Sal";"0";"";0.128;"ppt";"Fair"
"URY00122";"2020-11-20";"08:50";0.3;"Sal";"0";"";0.161;"ppt";"Fair"
"URY00122";"2021-02-19";"08:40";0.3;"Sal";"0";"";0.097;"ppt";"Fair"
"URY00122";"2021-05-13";"08:45";0.3;"Sal";"0";"";0.1;"ppt";"Fair"
"URY00122";"2021-08-26";"09:05";0.3;"Sal";"0";"";0.1;"ppt";"Fair"
"URY00122";"2021-11-26";"09:03";0.3;"Sal";"0";"";0.1;"ppt";"Fair"
"URY00122";"2022-02-11";"09:25";0.3;"Sal";"0";"";0.122;"ppt";"Fair"
"URY00122";"2022-05-13";"09:40";0.3;"Sal";"0";"";0.1;"ppt";"Fair"
"URY00122";"2022-08-12";"08:50";0.3;"Sal";"0";"";0.1;"ppt";"Fair"
"URY00122";"2022-11-18";"09:05";0.3;"Sal";"0";"";0.1;"ppt";"Fair"
"URY00122";"2023-02-02";"09:05";0.3;"Sal";"0";"";0.1;"ppt";"Fair"
"URY00122";"2023-05-12";"08:37";0.3;"Sal";"0";"";0.1;"ppt";"Fair"
"URY00123";"2017-05-11";"09:45";0.3;"Sal";"0";"";0.16;"ppt";"Fair"
"URY00123";"2017-07-28";"11:40";0.3;"Sal";"0";"";0.12;"ppt";"Fair"
"URY00123";"2017-11-10";"10:30";0.3;"Sal";"0";"";0.09;"ppt";"Fair"
"URY00123";"2018-01-25";"10:05";0.3;"Sal";"0";"";0.126;"ppt";"Fair"
"URY00123";"2018-05-03";"09:50";0.3;"Sal";"0";"";0.11;"ppt";"Fair"
"URY00123";"2018-08-02";"10:40";0.3;"Sal";"0";"";0.106;"ppt";"Fair"
"URY00123";"2018-10-25";"11:15";0.3;"Sal";"0";"";0.142;"ppt";"Fair"
"URY00123";"2019-02-14";"11:35";0.3;"Sal";"0";"";0.122;"ppt";"Fair"
"URY00123";"2019-05-10";"10:57";0.3;"Sal";"0";"";0.121;"ppt";"Fair"
"URY00123";"2019-08-23";"10:30";0.3;"Sal";"0";"";0.121;"ppt";"Fair"
"URY00123";"2019-11-05";"08:40";0.3;"Sal";"0";"";0.101;"ppt";"Fair"
"URY00123";"2020-02-20";"08:30";0.3;"Sal";"0";"";0.143;"ppt";"Fair"
"URY00123";"2020-05-14";"08:10";0.3;"Sal";"0";"";0.158;"ppt";"Fair"
"URY00123";"2020-11-20";"08:25";0.3;"Sal";"0";"";0.166;"ppt";"Fair"
"URY00123";"2021-02-19";"08:18";0.3;"Sal";"0";"";0.107;"ppt";"Fair"
"URY00123";"2021-05-13";"08:25";0.3;"Sal";"0";"";0.1;"ppt";"Fair"
"URY00123";"2021-08-26";"08:35";0.3;"Sal";"0";"";0.1;"ppt";"Fair"
"URY00123";"2021-11-26";"08:37";0.3;"Sal";"0";"";0.1;"ppt";"Fair"
"URY00123";"2022-02-11";"08:55";0.3;"Sal";"0";"";0.142;"ppt";"Fair"
"URY00123";"2022-05-13";"10:05";0.3;"Sal";"0";"";0.1;"ppt";"Fair"
"URY00123";"2022-08-12";"08:30";0.3;"Sal";"0";"";0.1;"ppt";"Fair"
"URY00123";"2022-11-18";"08:45";0.3;"Sal";"0";"";0.1;"ppt";"Fair"
"URY00123";"2023-02-02";"08:40";0.3;"Sal";"0";"";0.1;"ppt";"Fair"
"URY00123";"2023-05-12";"08:11";0.3;"Sal";"0";"";0.1;"ppt";"Fair"
"URY00124";"2017-05-11";"10:05";0.3;"Sal";"0";"";0.14;"ppt";"Fair"
"URY00124";"2017-07-28";"12:05";0.3;"Sal";"0";"";0.15;"ppt";"Fair"
"URY00124";"2017-11-10";"10:50";0.3;"Sal";"0";"";0.09;"ppt";"Fair"
"URY00124";"2018-02-02";"12:00";0.3;"Sal";"0";"";0.144;"ppt";"Fair"
"URY00124";"2018-05-03";"10:10";0.3;"Sal";"0";"";0.12;"ppt";"Fair"
"URY00124";"2018-08-02";"10:55";0.3;"Sal";"0";"";0.103;"ppt";"Fair"
"URY00124";"2018-10-25";"12:35";0.3;"Sal";"0";"";0.147;"ppt";"Fair"
"URY00124";"2019-02-14";"11:50";0.3;"Sal";"0";"";0.127;"ppt";"Fair"
"URY00124";"2019-05-10";"11:20";0.3;"Sal";"0";"";0.137;"ppt";"Fair"
"URY00124";"2019-08-23";"10:45";0.3;"Sal";"0";"";0.136;"ppt";"Fair"
"URY00124";"2019-11-05";"09:05";0.3;"Sal";"0";"";0.113;"ppt";"Fair"
"URY00124";"2020-02-20";"08:10";0.3;"Sal";"0";"";0.159;"ppt";"Fair"
"URY00124";"2020-05-14";"07:45";0.3;"Sal";"0";"";0.174;"ppt";"Fair"
"URY00124";"2020-11-20";"07:55";0.3;"Sal";"0";"";0.179;"ppt";"Fair"
"URY00124";"2021-02-19";"07:50";0.3;"Sal";"0";"";0.107;"ppt";"Fair"
"URY00124";"2021-05-13";"08:05";0.3;"Sal";"0";"";0.1;"ppt";"Fair"
"URY00124";"2021-08-26";"08:08";0.3;"Sal";"0";"";0.1;"ppt";"Fair"
"URY00124";"2021-11-26";"08:00";0.3;"Sal";"0";"";0.1;"ppt";"Fair"
"URY00124";"2022-02-11";"08:30";0.3;"Sal";"0";"";0.15;"ppt";"Fair"
"URY00124";"2022-05-13";"10:25";0.3;"Sal";"0";"";0.1;"ppt";"Fair"
"URY00124";"2022-08-12";"08:10";0.3;"Sal";"0";"";0.1;"ppt";"Fair"
"URY00124";"2022-11-18";"08:13";0.3;"Sal";"0";"";0.1;"ppt";"Fair"
"URY00124";"2023-02-02";"08:05";0.3;"Sal";"0";"";0.1;"ppt";"Fair"
"URY00124";"2023-05-12";"10:35";0.3;"Sal";"0";"";0.1;"ppt";"Fair"
"URY00150";"2017-05-12";"08:30";0.3;"Sal";"0";"";8.56;"ppt";"Fair"
"URY00150";"2017-07-27";"09:15";0.3;"Sal";"0";"";0.15;"ppt";"Fair"
"URY00150";"2017-11-09";"08:45";0.3;"Sal";"0";"";0.13;"ppt";"Fair"
"URY00150";"2018-01-26";"10:00";0.3;"Sal";"0";"";10.14;"ppt";"Pending review"
"URY00150";"2018-05-02";"08:20";0.3;"Sal";"0";"";0.15;"ppt";"Fair"
"URY00150";"2018-08-03";"09:10";0.3;"Sal";"0";"";0.153;"ppt";"Fair"
"URY00150";"2018-10-26";"09:00";0.3;"Sal";"0";"";0.222;"ppt";"Fair"
"URY00150";"2019-02-15";"09:00";0.3;"Sal";"0";"";0.169;"ppt";"Fair"
"URY00150";"2019-05-09";"08:55";0.3;"Sal";"0";"";0.132;"ppt";"Fair"
"URY00150";"2019-08-08";"10:50";0.3;"Sal";"0";"";0.191;"ppt";"Fair"
"URY00150";"2019-11-04";"08:00";0.3;"Sal";"0";"";0.116;"ppt";"Fair"
"URY00150";"2020-02-07";"10:10";0.3;"Sal";"0";"";13.96;"ppt";"Pending review"
"URY00150";"2020-05-15";"08:26";0.3;"Sal";"0";"";16.27;"ppt";"Pending review"
"URY00150";"2020-11-27";"07:55";0.3;"Sal";"0";"";4.482;"ppt";"Fair"
"URY00150";"2021-02-05";"08:00";0.3;"Sal";"0";"";6.688;"ppt";"Fair"
"URY00150";"2021-05-14";"07:40";0.3;"Sal";"0";"";1.5;"ppt";"Fair"
"URY00150";"2021-08-27";"08:40";0.3;"Sal";"0";"";0.1;"ppt";"Fair"
"URY00150";"2021-11-19";"07:50";0.3;"Sal";"0";"";2.7;"ppt";"Fair"
"URY00150";"2022-02-18";"09:00";0.3;"Sal";"0";"";0.7;"ppt";"Fair"
"URY00150";"2022-05-06";"08:00";0.3;"Sal";"0";"";0.1;"ppt";"Fair"
"URY00150";"2022-08-19";"08:20";0.3;"Sal";"0";"";0.1;"ppt";"Fair"
"URY00150";"2022-11-11";"08:20";0.3;"Sal";"0";"";0.1;"ppt";"Fair"
"URY00150";"2023-02-10";"08:00";0.3;"Sal";"0";"";4.5;"ppt";"Fair"
"URY00150";"2023-05-05";"10:00";0.3;"Sal";"0";"";2.5;"ppt";"Fair"
"URY00151";"2017-05-12";"08:55";0.3;"Sal";"0";"";7.66;"ppt";"Fair"
"URY00151";"2017-07-27";"09:50";0.3;"Sal";"0";"";0.15;"ppt";"Fair"
"URY00151";"2017-11-09";"09:29";0.3;"Sal";"0";"";0.12;"ppt";"Fair"
"URY00151";"2018-01-26";"09:30";0.3;"Sal";"0";"";0.28;"ppt";"Fair"
"URY00151";"2018-05-03";"08:40";0.3;"Sal";"0";"";0.13;"ppt";"Fair"
"URY00151";"2018-08-03";"08:40";0.3;"Sal";"0";"";0.147;"ppt";"Fair"
"URY00151";"2018-10-26";"09:25";0.3;"Sal";"0";"";0.229;"ppt";"Fair"
"URY00151";"2019-02-15";"09:30";0.3;"Sal";"0";"";0.231;"ppt";"Fair"
"URY00151";"2019-05-09";"08:35";0.3;"Sal";"0";"";0.131;"ppt";"Fair"
"URY00151";"2019-08-08";"11:20";0.3;"Sal";"0";"";0.197;"ppt";"Fair"
"URY00151";"2019-11-04";"08:30";0.3;"Sal";"0";"";0.12;"ppt";"Fair"
"URY00151";"2020-02-07";"10:30";0.3;"Sal";"0";"";2.385;"ppt";"Fair"
"URY00151";"2020-05-15";"08:50";0.3;"Sal";"0";"";2.027;"ppt";"Fair"
"URY00151";"2020-11-27";"08:25";0.3;"Sal";"0";"";2.833;"ppt";"Fair"
"URY00151";"2021-02-05";"08:25";0.3;"Sal";"0";"";3.685;"ppt";"Fair"
"URY00151";"2021-05-14";"08:05";0.3;"Sal";"0";"";0.5;"ppt";"Fair"
"URY00151";"2021-08-27";"09:05";0.3;"Sal";"0";"";0.2;"ppt";"Fair"
"URY00151";"2021-11-19";"08:20";0.3;"Sal";"0";"";0.3;"ppt";"Fair"
"URY00151";"2022-02-18";"09:25";0.3;"Sal";"0";"";0.3;"ppt";"Fair"
"URY00151";"2022-05-06";"08:30";0.3;"Sal";"0";"";0.1;"ppt";"Fair"
"URY00151";"2022-08-19";"08:45";0.3;"Sal";"0";"";0.2;"ppt";"Fair"
"URY00151";"2022-11-11";"08:45";0.3;"Sal";"0";"";0.1;"ppt";"Fair"
"URY00151";"2023-02-10";"08:20";0.3;"Sal";"0";"";0.3;"ppt";"Fair"
"URY00151";"2023-05-05";"10:35";0.3;"Sal";"0";"";0.6;"ppt";"Fair"
"URY00152";"2017-05-12";"09:40";0.3;"Sal";"0";"";0.17;"ppt";"Fair"
"URY00152";"2017-07-27";"10:30";0.3;"Sal";"0";"";0.12;"ppt";"Fair"
"URY00152";"2017-11-09";"08:15";0.3;"Sal";"0";"";0.19;"ppt";"Fair"
"URY00152";"2018-01-26";"10:30";0.3;"Sal";"0";"";0.12;"ppt";"Fair"
"URY00152";"2018-05-04";"09:20";0.3;"Sal";"0";"";0.11;"ppt";"Fair"
"URY00152";"2018-08-03";"10:55";0.3;"Sal";"0";"";0.104;"ppt";"Fair"
"URY00152";"2018-10-26";"09:55";0.3;"Sal";"0";"";0.135;"ppt";"Fair"
"URY00152";"2019-02-15";"10:00";0.3;"Sal";"0";"";0.126;"ppt";"Fair"
"URY00152";"2019-05-09";"09:30";0.3;"Sal";"0";"";0.11;"ppt";"Fair"
"URY00152";"2019-08-08";"11:45";0.3;"Sal";"0";"";0.124;"ppt";"Fair"
"URY00152";"2019-11-04";"09:10";0.3;"Sal";"0";"";0.101;"ppt";"Fair"
"URY00152";"2020-02-07";"10:58";0.3;"Sal";"0";"";0.147;"ppt";"Fair"
"URY00152";"2020-05-15";"09:26";0.3;"Sal";"0";"";0.162;"ppt";"Fair"
"URY00152";"2020-11-27";"09:00";0.3;"Sal";"0";"";0.172;"ppt";"Fair"
"URY00152";"2021-02-05";"09:06";0.3;"Sal";"0";"";0.153;"ppt";"Fair"
"URY00152";"2021-05-14";"08:32";0.3;"Sal";"0";"";0.1;"ppt";"Fair"
"URY00152";"2021-08-27";"09:30";0.3;"Sal";"0";"";0.1;"ppt";"Fair"
"URY00152";"2021-11-19";"08:50";0.3;"Sal";"0";"";0.1;"ppt";"Fair"
"URY00152";"2022-02-18";"10:00";0.3;"Sal";"0";"";0.1;"ppt";"Fair"
"URY00152";"2022-05-06";"09:05";0.3;"Sal";"0";"";0.1;"ppt";"Fair"
"URY00152";"2022-08-19";"09:15";0.3;"Sal";"0";"";0.1;"ppt";"Fair"
"URY00152";"2022-11-11";"09:20";0.3;"Sal";"0";"";0.1;"ppt";"Fair"
"URY00152";"2023-02-10";"08:51";0.3;"Sal";"0";"";0.1;"ppt";"Fair"
"URY00152";"2023-05-05";"11:15";0.3;"Sal";"0";"";0.1;"ppt";"Fair"
"URY00153";"2017-05-12";"07:35";0.3;"Sal";"0";"";0.18;"ppt";"Fair"
"URY00153";"2017-07-27";"11:05";0.3;"Sal";"0";"";0.12;"ppt";"Fair"
"URY00153";"2017-11-09";"10:10";0.3;"Sal";"0";"";0.11;"ppt";"Fair"
"URY00153";"2018-01-26";"09:00";0.3;"Sal";"0";"";0.13;"ppt";"Fair"
"URY00153";"2018-05-05";"10:00";0.3;"Sal";"0";"";0.11;"ppt";"Fair"
"URY00153";"2018-08-03";"11:35";0.3;"Sal";"0";"";0.103;"ppt";"Fair"
"URY00153";"2018-10-26";"10:22";0.3;"Sal";"0";"";0.149;"ppt";"Fair"
"URY00153";"2019-02-15";"10:25";0.3;"Sal";"0";"";0.141;"ppt";"Fair"
"URY00153";"2019-05-09";"10:00";0.3;"Sal";"0";"";0.116;"ppt";"Fair"
"URY00153";"2019-08-08";"12:10";0.3;"Sal";"0";"";0.131;"ppt";"Fair"
"URY00153";"2019-11-04";"09:40";0.3;"Sal";"0";"";0.105;"ppt";"Fair"
"URY00153";"2020-02-07";"11:25";0.3;"Sal";"0";"";0.17;"ppt";"Fair"
"URY00153";"2020-05-15";"09:50";0.3;"Sal";"0";"";0.187;"ppt";"Fair"
"URY00153";"2020-11-27";"09:28";0.3;"Sal";"0";"";0.201;"ppt";"Fair"
"URY00153";"2021-02-05";"09:30";0.3;"Sal";"0";"";0.175;"ppt";"Fair"
"URY00153";"2021-05-14";"09:00";0.3;"Sal";"0";"";0.1;"ppt";"Fair"
"URY00153";"2021-08-27";"10:00";0.3;"Sal";"0";"";0.1;"ppt";"Fair"
"URY00153";"2021-11-19";"09:35";0.3;"Sal";"0";"";0.1;"ppt";"Fair"
"URY00153";"2022-02-18";"10:30";0.3;"Sal";"0";"";0.1;"ppt";"Fair"
"URY00153";"2022-05-06";"09:55";0.3;"Sal";"0";"";0.1;"ppt";"Fair"
"URY00153";"2022-08-19";"10:00";0.3;"Sal";"0";"";0.1;"ppt";"Fair"
"URY00153";"2022-11-11";"10:20";0.3;"Sal";"0";"";0.1;"ppt";"Fair"
"URY00153";"2023-02-10";"10:00";0.3;"Sal";"0";"";0.1;"ppt";"Fair"
"URY00153";"2023-05-05";"11:50";0.3;"Sal";"0";"";0.1;"ppt";"Fair"
"URY00155";"2018-02-02";"00:00";0.3;"Sal";"0";"";1.3;"ppt";"Fair"
"URY00155";"2018-04-28";"00:00";0.3;"Sal";"0";"";1.5;"ppt";"Fair"
"URY00155";"2018-08-03";"00:00";0.3;"Sal";"0";"";0.7;"ppt";"Fair"
"URY00155";"2018-10-26";"11:00";0.3;"Sal";"0";"";8.6;"ppt";"Fair"
"URY00156";"2018-02-02";"00:00";0.3;"Sal";"0";"";1.3;"ppt";"Fair"
"URY00156";"2018-04-28";"00:00";0.3;"Sal";"0";"";1.5;"ppt";"Fair"
"URY00156";"2018-08-03";"00:00";0.3;"Sal";"0";"";0.9;"ppt";"Fair"
"URY00156";"2018-10-26";"08:30";0.3;"Sal";"0";"";9.9;"ppt";"Fair"
"URY00156";"2019-02-07";"11:00";0.3;"Sal";"0";"";9.47;"ppt";"Fair"
"URY00156";"2019-05-06";"10:00";0.3;"Sal";"0";"";9.61;"ppt";"Fair"
"URY00156";"2019-08-05";"11:00";0.3;"Sal";"0";"";3.25;"ppt";"Fair"
"URY00156";"2019-11-04";"09:20";0.3;"Sal";"0";"";9.29;"ppt";"Fair"
"URY00156";"2020-02-03";"09:15";0.3;"Sal";"0";"";9.3;"ppt";"Fair"
"URY00156";"2020-05-11";"09:30";0.3;"Sal";"0";"";12.2;"ppt";"Pending review"
"URY00156";"2020-08-03";"11:30";0.3;"Sal";"0";"";9.75;"ppt";"Fair"
"URY00156";"2020-11-05";"08:40";0.3;"Sal";"0";"";23.3;"ppt";"Pending review"
"URY00156";"2021-02-09";"11:15";0.3;"Sal";"0";"";28.1;"ppt";"Pending review"
"URY00156";"2021-05-10";"09:30";0.3;"Sal";"0";"";4.96;"ppt";"Fair"
"URY00156";"2021-08-30";"09:40";0.3;"Sal";"0";"";4.06;"ppt";"Fair"
"URY00156";"2021-11-15";"09:30";0.3;"Sal";"0";"";5.49;"ppt";"Fair"
"URY00156";"2022-01-31";"10:00";0.3;"Sal";"0";"";3.25;"ppt";"Fair"
"URY00156";"2022-05-02";"09:30";0.3;"Sal";"0";"";2.7;"ppt";"Fair"
"URY00156";"2022-08-08";"10:00";0.3;"Sal";"0";"";9.04;"ppt";"Fair"
"URY00156";"2022-11-07";"09:04";0.3;"Sal";"0";"";4.97;"ppt";"Fair"
"URY00157";"2018-02-02";"00:00";0.3;"Sal";"0";"";1.3;"ppt";"Fair"
"URY00157";"2018-04-28";"00:00";0.3;"Sal";"0";"";1.4;"ppt";"Fair"
"URY00157";"2018-08-03";"09:20";0.3;"Sal";"0";"";0.8;"ppt";"Fair"
"URY00157";"2018-10-26";"09:45";0.3;"Sal";"0";"";12.2;"ppt";"Pending review"
"URY00157";"2019-02-07";"08:30";0.3;"Sal";"0";"";7.3;"ppt";"Fair"
"URY00157";"2019-05-06";"09:10";0.3;"Sal";"0";"";8.78;"ppt";"Fair"
"URY00157";"2019-08-05";"09:00";0.3;"Sal";"0";"";2.66;"ppt";"Fair"
"URY00157";"2019-11-04";"08:20";0.3;"Sal";"0";"";4.71;"ppt";"Fair"
"URY00157";"2020-02-03";"07:50";0.3;"Sal";"0";"";8.6;"ppt";"Fair"
"URY00157";"2020-05-11";"08:30";0.3;"Sal";"0";"";11.5;"ppt";"Pending review"
"URY00157";"2020-08-03";"09:30";0.3;"Sal";"0";"";9.27;"ppt";"Fair"
"URY00157";"2020-11-05";"07:40";0.3;"Sal";"0";"";22;"ppt";"Pending review"
"URY00157";"2021-02-09";"10:10";0.3;"Sal";"0";"";28;"ppt";"Pending review"
"URY00157";"2021-05-10";"08:20";0.3;"Sal";"0";"";4.88;"ppt";"Fair"
"URY00157";"2021-08-30";"08:30";0.3;"Sal";"0";"";3.85;"ppt";"Fair"
"URY00157";"2021-11-15";"08:20";0.3;"Sal";"0";"";5.11;"ppt";"Fair"
"URY00157";"2022-01-31";"08:30";0.3;"Sal";"0";"";2.58;"ppt";"Fair"
"URY00157";"2022-05-02";"08:30";0.3;"Sal";"0";"";2.32;"ppt";"Fair"
"URY00157";"2022-08-08";"08:30";0.3;"Sal";"0";"";7.31;"ppt";"Fair"
"URY00157";"2022-11-07";"08:25";0.3;"Sal";"0";"";4.3;"ppt";"Fair"
"URY00176";"2019-05-09";"09:15";0.3;"Sal";"0";"";8.3;"ppt";"Fair"
"URY00176";"2019-08-05";"11:30";0.3;"Sal";"0";"";9.89;"ppt";"Fair"
"URY00176";"2019-11-04";"11:20";0.3;"Sal";"0";"";3.11;"ppt";"Fair"
"URY00176";"2020-02-03";"11:00";0.3;"Sal";"0";"";29.4;"ppt";"Pending review"
"URY00176";"2020-05-11";"11:00";0.3;"Sal";"0";"";28.9;"ppt";"Pending review"
"URY00176";"2020-08-03";"13:30";0.3;"Sal";"0";"";9.74;"ppt";"Fair"
"URY00176";"2020-11-05";"10:10";0.3;"Sal";"0";"";22.6;"ppt";"Pending review"
"URY00176";"2021-02-09";"13:20";0.3;"Sal";"0";"";13.6;"ppt";"Pending review"
"URY00176";"2021-05-10";"11:45";0.3;"Sal";"0";"";13.58;"ppt";"Pending review"
"URY00176";"2021-08-30";"12:40";0.3;"Sal";"0";"";10.99;"ppt";"Pending review"
"URY00176";"2021-11-15";"11:30";0.3;"Sal";"0";"";10.79;"ppt";"Pending review"
"URY00176";"2022-01-31";"12:20";0.3;"Sal";"0";"";3.68;"ppt";"Fair"
"URY00176";"2022-05-02";"12:00";0.3;"Sal";"0";"";12.39;"ppt";"Pending review"
"URY00176";"2022-08-08";"11:15";0.3;"Sal";"0";"";6.32;"ppt";"Fair"
"URY00176";"2022-11-07";"11:48";0.3;"Sal";"0";"";15.7;"ppt";"Pending review"
"URY00177";"2019-05-09";"10:00";0.3;"Sal";"0";"";9.25;"ppt";"Fair"
"URY00177";"2019-08-05";"13:30";0.3;"Sal";"0";"";10.5;"ppt";"Pending review"
"URY00177";"2019-11-04";"12:00";0.3;"Sal";"0";"";4.87;"ppt";"Fair"
"URY00177";"2020-02-03";"11:40";0.3;"Sal";"0";"";29;"ppt";"Pending review"
"URY00177";"2020-05-11";"11:50";0.3;"Sal";"0";"";28.3;"ppt";"Pending review"
"URY00177";"2020-08-03";"14:00";0.3;"Sal";"0";"";10.52;"ppt";"Pending review"
"URY00177";"2020-11-05";"11:00";0.3;"Sal";"0";"";23;"ppt";"Pending review"
"URY00177";"2021-02-09";"12:45";0.3;"Sal";"0";"";10.7;"ppt";"Pending review"
"URY00177";"2021-05-10";"11:00";0.3;"Sal";"0";"";13.7;"ppt";"Pending review"
"URY00177";"2021-08-30";"12:00";0.3;"Sal";"0";"";9.89;"ppt";"Fair"
"URY00177";"2021-11-15";"11:00";0.3;"Sal";"0";"";10.41;"ppt";"Pending review"
"URY00177";"2022-01-31";"13:00";0.3;"Sal";"0";"";32.7;"ppt";"Pending review"
"URY00177";"2022-05-02";"11:20";0.3;"Sal";"0";"";11.3;"ppt";"Pending review"
"URY00177";"2022-08-08";"12:02";0.3;"Sal";"0";"";6.15;"ppt";"Fair"
"URY00177";"2022-11-07";"11:10";0.3;"Sal";"0";"";15.03;"ppt";"Pending review"
"URY00178";"2019-05-09";"11:36";0.3;"Sal";"0";"";0.07;"ppt";"Fair"
"URY00178";"2019-08-06";"10:40";0.3;"Sal";"0";"";0.1;"ppt";"Fair"
"URY00178";"2020-11-06";"09:30";0.3;"Sal";"0";"";0.09;"ppt";"Fair"
"URY00178";"2021-02-02";"17:50";0.3;"Sal";"0";"";0.08;"ppt";"Fair"
"URY00178";"2021-05-13";"10:30";0.3;"Sal";"0";"";0.08;"ppt";"Fair"
"URY00178";"2021-09-02";"10:45";0.3;"Sal";"0";"";0.076;"ppt";"Fair"
"URY00178";"2021-11-16";"11:08";0.3;"Sal";"0";"";0.05;"ppt";"Fair"
"URY00178";"2022-02-03";"09:50";0.3;"Sal";"0";"";0.03;"ppt";"Fair"
"URY00178";"2022-05-05";"09:20";0.3;"Sal";"0";"";0.07;"ppt";"Fair"
"URY00178";"2022-08-09";"11:10";0.3;"Sal";"0";"";0.05;"ppt";"Fair"
"URY00178";"2022-11-10";"10:15";0.3;"Sal";"0";"";0.09;"ppt";"Fair"
"URY00179";"2019-05-09";"12:15";0.3;"Sal";"0";"";0.27;"ppt";"Fair"
"URY00179";"2019-08-06";"09:40";0.3;"Sal";"0";"";0.3;"ppt";"Fair"
"URY00179";"2020-11-06";"09:00";0.3;"Sal";"0";"";0.31;"ppt";"Fair"
"URY00179";"2021-02-02";"17:00";0.3;"Sal";"0";"";0.33;"ppt";"Fair"
"URY00179";"2021-05-13";"09:50";0.3;"Sal";"0";"";1.01;"ppt";"Fair"
"URY00179";"2021-09-02";"10:15";0.3;"Sal";"0";"";0.21;"ppt";"Fair"
"URY00179";"2021-11-16";"10:30";0.3;"Sal";"0";"";0.26;"ppt";"Fair"
"URY00179";"2022-02-03";"09:10";0.3;"Sal";"0";"";0.37;"ppt";"Fair"
"URY00179";"2022-05-05";"08:40";0.3;"Sal";"0";"";11.7;"ppt";"Pending review"
"URY00179";"2022-08-09";"10:10";0.3;"Sal";"0";"";0.34;"ppt";"Fair"
"URY00179";"2022-11-10";"09:45";0.3;"Sal";"0";"";12;"ppt";"Pending review"
"URY00189";"2019-08-06";"11:05";0.3;"Sal";"0";"";0.1;"ppt";"Fair"
"URY00189";"2020-11-06";"10:00";0.3;"Sal";"0";"";0.1;"ppt";"Fair"
"URY00189";"2021-02-02";"18:10";0.3;"Sal";"0";"";0.18;"ppt";"Fair"
"URY00189";"2021-05-13";"10:55";0.3;"Sal";"0";"";0.1;"ppt";"Fair"
"URY00189";"2021-09-02";"11:00";0.3;"Sal";"0";"";0.081;"ppt";"Fair"
"URY00189";"2021-11-16";"11:30";0.3;"Sal";"0";"";0.07;"ppt";"Fair"
"URY00189";"2022-02-03";"10:30";0.3;"Sal";"0";"";0.06;"ppt";"Fair"
"URY00189";"2022-05-05";"09:45";0.3;"Sal";"0";"";0.1;"ppt";"Fair"
"URY00189";"2022-08-09";"11:35";0.3;"Sal";"0";"";0.08;"ppt";"Fair"
"URY00189";"2022-11-10";"10:45";0.3;"Sal";"0";"";0.08;"ppt";"Fair"
"URY00190";"2019-05-09";"13:00";0.3;"Sal";"0";"";0.14;"ppt";"Fair"
"URY00190";"2019-08-06";"08:45";0.3;"Sal";"0";"";0.2;"ppt";"Fair"
"URY00190";"2020-11-06";"08:15";0.3;"Sal";"0";"";0.25;"ppt";"Fair"
"URY00190";"2021-02-02";"16:10";0.3;"Sal";"0";"";0.6;"ppt";"Fair"
"URY00190";"2021-05-13";"09:00";0.3;"Sal";"0";"";0.26;"ppt";"Fair"
"URY00190";"2021-09-02";"09:25";0.3;"Sal";"0";"";0.196;"ppt";"Fair"
"URY00190";"2021-11-16";"09:45";0.3;"Sal";"0";"";0.16;"ppt";"Fair"
"URY00190";"2022-02-03";"08:15";0.3;"Sal";"0";"";0.11;"ppt";"Fair"
"URY00190";"2022-05-05";"07:40";0.3;"Sal";"0";"";0.29;"ppt";"Fair"
"URY00190";"2022-08-09";"09:20";0.3;"Sal";"0";"";0.21;"ppt";"Fair"
"URY00190";"2022-11-10";"09:00";0.3;"Sal";"0";"";0.34;"ppt";"Fair"
"URY00238";"2022-12-26";"17:00";0.3;"Sal";"0";"";0.1;"ppt";"Fair"
"URY00238";"2022-12-26";"17:10";0.3;"Sal";"0";"";0.1;"ppt";"Fair"
"URY00238";"2023-01-02";"18:10";0.3;"Sal";"0";"";0.1;"ppt";"Fair"
"URY00238";"2023-01-17";"17:10";0.3;"Sal";"0";"";0.1;"ppt";"Fair"
"URY00238";"2023-01-23";"17:10";0.3;"Sal";"0";"";0.2;"ppt";"Fair"
"URY00238";"2023-01-25";"17:10";0.3;"Sal";"0";"";0.1;"ppt";"Fair"
"URY00238";"2023-01-30";"17:10";0.3;"Sal";"0";"";0.1;"ppt";"Fair"
"URY00238";"2023-02-07";"17:10";0.3;"Sal";"0";"";0.1;"ppt";"Fair"
"URY00238";"2023-02-13";"17:10";0.3;"Sal";"0";"";0.1;"ppt";"Fair"
"URY00238";"2023-02-22";"17:10";0.3;"Sal";"0";"";0.1;"ppt";"Fair"
"URY00238";"2023-02-27";"17:10";0.3;"Sal";"0";"";0.1;"ppt";"Fair"
"URY00238";"2023-03-08";"17:10";0.3;"Sal";"0";"";0.2;"ppt";"Fair"
"URY00238";"2023-03-13";"17:10";0.3;"Sal";"0";"";0.1;"ppt";"Fair"
"URY00238";"2023-03-21";"17:10";0.3;"Sal";"0";"";0.1;"ppt";"Fair"
"URY00238";"2023-03-28";"17:10";0.3;"Sal";"0";"";0.1;"ppt";"Fair"
"URY00239";"2022-12-26";"17:00";0.3;"Sal";"0";"";0.1;"ppt";"Fair"
"URY00239";"2022-12-26";"17:15";0.3;"Sal";"0";"";0.1;"ppt";"Fair"
"URY00239";"2023-01-02";"18:15";0.3;"Sal";"0";"";0.1;"ppt";"Fair"
"URY00239";"2023-01-17";"17:15";0.3;"Sal";"0";"";0.1;"ppt";"Fair"
"URY00239";"2023-01-23";"17:15";0.3;"Sal";"0";"";0.1;"ppt";"Fair"
"URY00239";"2023-01-25";"17:15";0.3;"Sal";"0";"";0.1;"ppt";"Fair"
"URY00239";"2023-01-30";"17:15";0.3;"Sal";"0";"";0.1;"ppt";"Fair"
"URY00239";"2023-02-07";"17:15";0.3;"Sal";"0";"";0.1;"ppt";"Fair"
"URY00239";"2023-02-13";"17:15";0.3;"Sal";"0";"";0.1;"ppt";"Fair"
"URY00239";"2023-02-22";"17:15";0.3;"Sal";"0";"";0.1;"ppt";"Fair"
"URY00239";"2023-02-27";"17:15";0.3;"Sal";"0";"";0.1;"ppt";"Fair"
"URY00239";"2023-03-08";"17:15";0.3;"Sal";"0";"";0.1;"ppt";"Fair"
"URY00239";"2023-03-13";"17:15";0.3;"Sal";"0";"";0.1;"ppt";"Fair"
"URY00239";"2023-03-21";"17:15";0.3;"Sal";"0";"";0.1;"ppt";"Fair"
"URY00239";"2023-03-28";"17:15";0.3;"Sal";"0";"";0.1;"ppt";"Fair"
"URY00240";"2022-12-26";"17:00";0.3;"Sal";"0";"";0.1;"ppt";"Fair"
"URY00240";"2022-12-26";"17:25";0.3;"Sal";"0";"";0.1;"ppt";"Fair"
"URY00240";"2023-01-02";"18:25";0.3;"Sal";"0";"";0.1;"ppt";"Fair"
"URY00240";"2023-01-17";"17:25";0.3;"Sal";"0";"";0.1;"ppt";"Fair"
"URY00240";"2023-01-23";"17:25";0.3;"Sal";"0";"";0.2;"ppt";"Fair"
"URY00240";"2023-01-25";"17:25";0.3;"Sal";"0";"";0.1;"ppt";"Fair"
"URY00240";"2023-01-30";"17:25";0.3;"Sal";"0";"";0.1;"ppt";"Fair"
"URY00240";"2023-02-07";"17:25";0.3;"Sal";"0";"";0.1;"ppt";"Fair"
"URY00240";"2023-02-13";"17:25";0.3;"Sal";"0";"";0.1;"ppt";"Fair"
"URY00240";"2023-02-22";"17:25";0.3;"Sal";"0";"";0.1;"ppt";"Fair"
"URY00240";"2023-02-27";"17:25";0.3;"Sal";"0";"";0.1;"ppt";"Fair"
"URY00240";"2023-03-08";"17:25";0.3;"Sal";"0";"";0.1;"ppt";"Fair"
"URY00240";"2023-03-13";"17:25";0.3;"Sal";"0";"";0.1;"ppt";"Fair"
"URY00240";"2023-03-21";"17:25";0.3;"Sal";"0";"";0.1;"ppt";"Fair"
"URY00240";"2023-03-28";"17:25";0.3;"Sal";"0";"";0.1;"ppt";"Fair"
"URY00241";"2022-12-26";"17:00";0.3;"Sal";"0";"";0.1;"ppt";"Fair"
"URY00241";"2022-12-26";"17:30";0.3;"Sal";"0";"";0.1;"ppt";"Fair"
"URY00241";"2023-01-02";"18:30";0.3;"Sal";"0";"";0.1;"ppt";"Fair"
"URY00241";"2023-01-17";"17:30";0.3;"Sal";"0";"";0.1;"ppt";"Fair"
"URY00241";"2023-01-23";"17:30";0.3;"Sal";"0";"";0.2;"ppt";"Fair"
"URY00241";"2023-01-25";"17:30";0.3;"Sal";"0";"";0.1;"ppt";"Fair"
"URY00241";"2023-01-30";"17:30";0.3;"Sal";"0";"";0.1;"ppt";"Fair"
"URY00241";"2023-02-07";"17:30";0.3;"Sal";"0";"";0.1;"ppt";"Fair"
"URY00241";"2023-02-13";"17:30";0.3;"Sal";"0";"";0.1;"ppt";"Fair"
"URY00241";"2023-02-22";"17:30";0.3;"Sal";"0";"";0.1;"ppt";"Fair"
"URY00241";"2023-02-27";"17:30";0.3;"Sal";"0";"";0.1;"ppt";"Fair"
"URY00241";"2023-03-08";"17:30";0.3;"Sal";"0";"";0.1;"ppt";"Fair"
"URY00241";"2023-03-13";"17:30";0.3;"Sal";"0";"";0.1;"ppt";"Fair"
"URY00241";"2023-03-21";"17:30";0.3;"Sal";"0";"";0.1;"ppt";"Fair"
"URY00241";"2023-03-28";"17:30";0.3;"Sal";"0";"";0.1;"ppt";"Fair"
"URY00242";"2022-12-26";"17:00";0.3;"Sal";"0";"";0.1;"ppt";"Fair"
"URY00242";"2022-12-26";"17:40";0.3;"Sal";"0";"";0.1;"ppt";"Fair"
"URY00242";"2023-01-02";"18:40";0.3;"Sal";"0";"";0.1;"ppt";"Fair"
"URY00242";"2023-01-17";"17:40";0.3;"Sal";"0";"";0.2;"ppt";"Fair"
"URY00242";"2023-01-23";"17:40";0.3;"Sal";"0";"";0.2;"ppt";"Fair"
"URY00242";"2023-01-25";"17:40";0.3;"Sal";"0";"";0.1;"ppt";"Fair"
"URY00242";"2023-01-30";"17:40";0.3;"Sal";"0";"";0.1;"ppt";"Fair"
"URY00242";"2023-02-07";"17:40";0.3;"Sal";"0";"";0.1;"ppt";"Fair"
"URY00242";"2023-02-13";"17:40";0.3;"Sal";"0";"";0.1;"ppt";"Fair"
"URY00242";"2023-02-22";"17:40";0.3;"Sal";"0";"";0.2;"ppt";"Fair"
"URY00242";"2023-02-27";"17:40";0.3;"Sal";"0";"";0.1;"ppt";"Fair"
"URY00242";"2023-03-08";"17:40";0.3;"Sal";"0";"";0.1;"ppt";"Fair"
"URY00242";"2023-03-13";"17:40";0.3;"Sal";"0";"";0.1;"ppt";"Fair"
"URY00242";"2023-03-28";"17:40";0.3;"Sal";"0";"";0.1;"ppt";"Fair"
"URY00254";"2023-01-09";"11:10";0.3;"Sal";"0";"";0.4;"ppt";"Fair"
"URY00254";"2023-01-16";"11:20";0.3;"Sal";"0";"";4.2;"ppt";"Fair"
"URY00254";"2023-02-23";"09:15";0.3;"Sal";"0";"";0;"ppt";"Fair"
"URY00254";"2023-02-27";"14:45";0.3;"Sal";"0";"";0;"ppt";"Fair"
"URY00254";"2023-03-08";"09:15";0.3;"Sal";"0";"";0;"ppt";"Fair"
"URY00254";"2023-03-13";"11:30";0.3;"Sal";"0";"";0;"ppt";"Fair"
"URY00254";"2023-03-29";"08:35";0.3;"Sal";"0";"";0;"ppt";"Fair"
"URY00254";"2023-04-12";"08:50";0.3;"Sal";"0";"";0;"ppt";"Fair"
"URY00254";"2023-05-03";"08:45";0.3;"Sal";"0";"";0;"ppt";"Fair"
"URY00254";"2023-07-03";"09:05";0.3;"Sal";"0";"";0;"ppt";"Fair"
